time, accel 1, accel 2, accel 3, accel 4, accel top, accel bottom 
time - seconds (computed after test), deacceleration - kg, deacceleration - kg, deacceleration - kg, deacceleration - kg, deacceleration - kg, deacceleration - kg
0.000000000000000000e+00 1.122961563480000084e-02 1.392912884950000055e-02 -1.256673434460000086e-02 1.479690864400000014e-03 1.555985159199999935e-03 0.000000000000000000e+00
1.000000000000000082e-05 -1.128465116519626089e-02 2.174657884949732917e-02 -1.309594344598768436e-03 1.461302786439766348e-02 1.156233155919572653e-02 0.000000000000000000e+00
2.000000000000000164e-05 2.874070883480053448e-02 2.331007884949599582e-02 9.947551655399228601e-03 3.668574764408409801e-03 2.657185155918825176e-02 0.000000000000000000e+00
3.000000000000000415e-05 -5.030691165197614598e-03 7.675178849505032673e-03 4.318985855404861539e-03 -5.087002135591535586e-03 2.657185155919516983e-02 0.000000000000000000e+00
4.000000000000000327e-05 6.226428834803173634e-03 1.392912884949332533e-02 -1.069053434460320341e-02 1.680192786441121397e-02 2.407025155918504980e-02 0.000000000000000000e+00
5.000000000000000240e-05 -1.003385116518398269e-02 1.080217884948665025e-02 1.557614565540266921e-02 1.242412786439377193e-02 1.406393155919109968e-02 0.000000000000000000e+00
6.000000000000000830e-05 -2.753116519880549964e-05 1.392912884950076383e-02 6.195175655406438137e-03 1.023523486440213598e-02 2.156865155919999999e-02 0.000000000000000000e+00
7.000000000000000742e-05 -2.529091165199351832e-03 -1.421367115050211835e-02 2.442799655399521385e-03 -9.464732135594658771e-03 -5.948788440798643239e-03 0.000000000000000000e+00
8.000000000000000654e-05 4.975668834799885400e-03 1.080217884950031813e-02 -1.819527434459974544e-02 1.461302786439985096e-02 9.060739559201018770e-03 0.000000000000000000e+00
9.000000000000000567e-05 2.474068834799037463e-03 1.861962884950023323e-02 1.369994565540083933e-02 2.993518786439902310e-02 1.406393155919776275e-02 0.000000000000000000e+00
1.000000000000000048e-04 2.748990883479862646e-02 1.705612884949999838e-02 -1.069053434460068633e-02 5.857462864400800849e-03 -1.595510844079633950e-02 0.000000000000000000e+00
1.100000000000000039e-04 -5.030691165203589853e-03 7.675178849495550674e-03 -6.938134344590359166e-03 2.993518786440498361e-02 3.657817155919572405e-02 0.000000000000000000e+00
1.200000000000000166e-04 3.124230883478399876e-02 3.112752884948874824e-02 6.195175655407531012e-03 2.774635786439299742e-02 1.906705155919600006e-02 0.000000000000000000e+00
1.300000000000000157e-04 1.223268834804716251e-03 1.080217884950000068e-02 9.947551655405725141e-03 2.774635786438837265e-02 1.555985159201898373e-03 0.000000000000000000e+00
1.400000000000000148e-04 2.874070883480949259e-02 7.675178849500847653e-03 4.318985855404099128e-03 8.046348864409490209e-03 9.060739559201357041e-03 0.000000000000000000e+00
1.500000000000000140e-04 8.728028834798647398e-03 2.174657884950275538e-02 4.318985855393416701e-03 -7.092021355961392742e-04 1.156233155919735370e-02 0.000000000000000000e+00
1.600000000000000131e-04 8.728028834799969257e-03 -4.832771150499788441e-03 -3.185794344600224696e-03 2.336855786440088928e-02 2.407025155919830656e-02 0.000000000000000000e+00
1.700000000000000122e-04 2.248674883480040673e-02 6.111683849500254562e-03 -1.819527434460045667e-02 2.993518786439857901e-02 1.906705155919918501e-02 0.000000000000000000e+00
1.800000000000000113e-04 1.223268834799224117e-03 1.236562884949999989e-02 -3.185794344598851229e-03 1.680192786439412694e-02 4.057571559199990401e-03 0.000000000000000000e+00
1.900000000000000105e-04 1.498199283481095080e-02 1.080217884950644171e-02 4.318985855398097852e-03 1.461302786439661917e-02 1.656553155919742240e-02 0.000000000000000000e+00
2.000000000000000096e-04 2.874070883480183206e-02 1.705612884949542218e-02 1.745228565540960994e-02 2.774635786439679647e-02 -8.450388440792688458e-03 0.000000000000000000e+00
2.100000000000000087e-04 -8.783051165197928306e-03 1.392912884950525503e-02 1.557614565539054002e-02 -7.092021355944774091e-04 9.060739559214714411e-03 0.000000000000000000e+00
2.200000000000000078e-04 -7.532291165193790924e-03 1.861962884950584679e-02 2.495708565539414905e-02 1.023523486440136576e-02 2.907345155919687993e-02 0.000000000000000000e+00
2.300000000000000070e-04 5.125498883479644163e-02 2.331007884949936465e-02 1.182374565539999998e-02 1.242412786440088950e-02 4.057571559202024364e-03 0.000000000000000000e+00
2.400000000000000332e-04 1.248040883480118837e-02 9.238678849500889939e-03 2.870942565539465544e-02 1.461302786440373674e-02 -3.447188440800000135e-03 0.000000000000000000e+00
2.500000000000000052e-04 1.373120083480000066e-02 2.643707884950000087e-02 1.182374565539999998e-02 2.993518786440000148e-02 9.060739559200000487e-03 0.000000000000000000e+00
2.600000000000000314e-04 4.975668834801326088e-03 3.112752884949957638e-02 9.947551655398505221e-03 1.680192786439881417e-02 2.407025155919932310e-02 0.000000000000000000e+00
2.700000000000000035e-04 1.373120083480108486e-02 -3.269271150496609775e-03 9.947551655400843629e-03 2.555745786439620609e-02 3.157497155919457288e-02 0.000000000000000000e+00
2.800000000000000297e-04 3.624546883479511789e-02 6.111683849496949046e-03 2.308088565540488205e-02 -2.898102135582903034e-03 1.156233155920162632e-02 0.000000000000000000e+00
2.900000000000000017e-04 3.249310883480108214e-02 4.050847884949728556e-02 2.495708565540650722e-02 4.306851786439809537e-02 5.158769155918480759e-02 0.000000000000000000e+00
3.000000000000000279e-04 2.373754883480617278e-02 2.643707884950551035e-02 2.870942565539735467e-02 1.899075786440308430e-02 1.656553155919471276e-02 0.000000000000000000e+00
3.099999999999999999e-04 4.249942883480244127e-02 2.018307884950457792e-02 2.870942565539999838e-02 2.336855786439359650e-02 1.656553155919755771e-02 0.000000000000000000e+00
3.200000000000000262e-04 3.874706883479762942e-02 3.112752884949576346e-02 2.495708565539745544e-02 2.336855786440000110e-02 2.407025155919999965e-02 0.000000000000000000e+00
3.300000000000000524e-04 6.126130883480000039e-02 2.018307884950000172e-02 2.308088565540000053e-02 1.899075786439999997e-02 4.408297155919999738e-02 0.000000000000000000e+00
3.400000000000000244e-04 4.375022883479959268e-02 3.269102884950076532e-02 3.809036565540183106e-02 5.839074786440213993e-02 3.657817155920081026e-02 0.000000000000000000e+00
3.500000000000000507e-04 5.250570883479478007e-02 4.519897884949940214e-02 4.371896565540427104e-02 2.336855786440415403e-02 3.907977155920284301e-02 0.000000000000000000e+00
3.600000000000000227e-04 6.251210883479925429e-02 4.988942884950092749e-02 4.934750565539552242e-02 5.620184786440522023e-02 3.157497155920298282e-02 0.000000000000000000e+00
3.700000000000000489e-04 7.877250883479898491e-02 5.301632884951525820e-02 3.433802565540609864e-02 5.839074786439821946e-02 4.408297155920813670e-02 0.000000000000000000e+00
3.800000000000000209e-04 7.627090883479335781e-02 4.988942884950711698e-02 4.559516565539715321e-02 4.963521786440498046e-02 4.908609155920379274e-02 0.000000000000000000e+00
3.900000000000000471e-04 1.112929088348020429e-01 6.708782884950338643e-02 7.561412565540914787e-02 6.057964786441305538e-02 6.409561155920000253e-02 0.000000000000000000e+00
4.000000000000000192e-04 1.288041088348053087e-01 1.030483288495000066e-01 6.998552565540427928e-02 8.246843786440355428e-02 7.660353155920161805e-02 0.000000000000000000e+00
4.100000000000000454e-04 1.763341088348002739e-01 1.108653288494998307e-01 1.075095256553997985e-01 1.153019378643990456e-01 1.241337715591994545e-01 0.000000000000000000e+00
4.200000000000000174e-04 2.413753088348001286e-01 1.499528288494996753e-01 1.337757256554006069e-01 1.262464378644002627e-01 1.416449715592005554e-01 0.000000000000000000e+00
4.300000000000000436e-04 2.964105088348106265e-01 1.624608288495004993e-01 1.900617256553993883e-01 1.853460378644014028e-01 1.591561715592008097e-01 0.000000000000000000e+00
4.400000000000000157e-04 3.914705088347951167e-01 2.500163288495038105e-01 2.332143256553936006e-01 2.356907378644031992e-01 2.216953715591951091e-01 0.000000000000000000e+00
4.500000000000000419e-04 4.965361088348028140e-01 3.125558288495023929e-01 3.138903256554014254e-01 3.101126378644033510e-01 2.967433715592113774e-01 0.000000000000000000e+00
4.600000000000000139e-04 6.403801088347775838e-01 3.907303288494961557e-01 4.208331256553877742e-01 4.042346378643768556e-01 3.842985715591877849e-01 0.000000000000000000e+00
4.700000000000000401e-04 7.729641088347918298e-01 5.408243288494869461e-01 5.202711256553910202e-01 4.939795378643948021e-01 4.918665715591821197e-01 0.000000000000000000e+00
4.800000000000000664e-04 1.036880108834810965e+00 6.893593288494863636e-01 6.891267256553893494e-01 6.822235378643842774e-01 6.669777715591904688e-01 0.000000000000000000e+00
4.900000000000000926e-04 8.305001088348046290e-01 9.535893288494955433e-01 9.048867256553977390e-01 8.879759378643968804e-01 8.821129715591967679e-01 0.000000000000000000e+00
5.000000000000000104e-04 1.040632108834800063e+00 1.228759328849500010e+00 1.251986725655400035e+00 1.299491937864400093e+00 1.257352971559200006e+00 0.000000000000000000e+00
5.100000000000000366e-04 3.510948108834812675e+00 8.644693288494796901e-01 9.836907256553970580e-01 1.025875937864377141e+00 1.122264971559194580e+00 0.000000000000000000e+00
5.200000000000000629e-04 6.340228108835062493e+00 1.894809328849719643e+00 1.912400725655684974e+00 1.986800937864632521e+00 2.022840971559410228e+00 0.000000000000000000e+00
5.300000000000000891e-04 1.509082810883585246e+01 4.609029328849792329e+00 4.522184725655633564e+00 3.941473937864722554e+00 4.034112971559486560e+00 0.000000000000000000e+00
5.400000000000000069e-04 1.630038810883490896e+01 9.846719328850310760e+00 1.147907672565686177e+01 1.332963593786585932e+01 1.360515297156047687e+01 0.000000000000000000e+00
5.500000000000000331e-04 9.746148108835519963e+00 1.943566932884965226e+01 2.011523672565544985e+01 1.903610593786497773e+01 1.899115297155982418e+01 0.000000000000000000e+00
5.600000000000000594e-04 7.400908108834918231e+00 1.327546932884948738e+01 1.380935672565552252e+01 1.374991593786473310e+01 1.374027297155959104e+01 0.000000000000000000e+00
5.700000000000000856e-04 1.912436108834765447e+00 7.298219328849653742e+00 8.192036725655443163e+00 1.035274593786434671e+01 1.083339297155915837e+01 0.000000000000000000e+00
5.800000000000000034e-04 1.108702810883461076e+01 1.815069328849629571e+00 -9.206432743444662448e-01 -1.585460062135401582e+00 -1.219215028440577830e+00 0.000000000000000000e+00
5.900000000000000296e-04 8.834348108834717550e+00 6.702569328849595109e+00 7.370216725655591716e+00 7.944955937864768281e+00 7.796496971559737865e+00 0.000000000000000000e+00
6.000000000000000559e-04 6.255188108834149219e+00 1.061441932884954298e+01 1.099127672565508007e+01 1.070736593786391566e+01 1.042563297155865243e+01 0.000000000000000000e+00
6.100000000000000821e-04 -6.032611891165987394e+00 6.030269328848882893e+00 4.145066725655242479e+00 3.895511937864294616e+00 3.438736971559226419e+00 0.000000000000000000e+00
6.199999999999999999e-04 -2.834323891164527875e+00 2.962674328849218774e+00 2.989334725654965830e+00 2.857978937863665969e+00 3.206088971558263889e+00 0.000000000000000000e+00
6.300000000000000261e-04 4.626668108834356197e+00 -4.021440671150184443e+00 -2.669253274344551397e+00 -1.747440062135814376e+00 -1.817095028441090498e+00 0.000000000000000000e+00
6.400000000000000524e-04 7.598548108834943804e+00 4.610873288491576516e-01 -1.524777274344924383e+00 -3.056398062135489369e+00 -2.167319028440302109e+00 0.000000000000000000e+00
6.500000000000000786e-04 1.272028108834808435e+00 6.841719328849334758e+00 7.040036725655642869e+00 9.591005937864734321e+00 9.947872971559357680e+00 0.000000000000000000e+00
6.600000000000001048e-04 -1.349631891165200104e+00 2.846974328849499969e+00 1.788572725655400042e+00 1.157209937864400073e+00 3.968065715592000164e-01 0.000000000000000000e+00
6.700000000000000226e-04 -3.283359891165259281e+00 6.815393288494385748e-01 3.157665256553218724e-01 1.262464378642906004e-01 2.016825715590888080e-01 0.000000000000000000e+00
6.800000000000000488e-04 1.043132108834686100e+00 7.550243288494217220e-01 1.062488725655515331e+00 1.605930937864673336e+00 9.771769715596483330e-01 0.000000000000000000e+00
6.900000000000000751e-04 -3.408435891165063403e+00 -2.143690671150064286e+00 -1.320273274344631487e+00 -2.677534621355951994e-01 -4.162086284407565673e-01 0.000000000000000000e+00
7.000000000000001013e-04 -6.085131891165685758e+00 -1.397900671150878571e+00 -9.562892743448662136e-01 -1.456317062135792817e+00 -1.714535028441307007e+00 0.000000000000000000e+00
7.100000000000000191e-04 -4.061371891165794779e+00 -4.148085671150087528e+00 -3.779955274344785732e+00 -4.441964062135803637e+00 -4.806495028441207573e+00 0.000000000000000000e+00
7.200000000000000453e-04 -7.903811891165251069e+00 -6.030530671151012712e+00 -4.577337274344848161e+00 -3.616748062135836328e+00 -3.355575028441316388e+00 0.000000000000000000e+00
7.300000000000000716e-04 -1.247673189116506443e+01 -4.457655671150549281e+00 -6.524823274344738522e+00 -6.932914062135280275e+00 -5.546959028440697992e+00 0.000000000000000000e+00
7.400000000000000978e-04 -1.561997189116526208e+01 -1.303653067115051201e+01 -1.281756327434465881e+01 -1.265030406213555381e+01 -1.162084702844070172e+01 0.000000000000000000e+00
7.500000000000000156e-04 -8.451651891165200325e+00 -1.798658067115049874e+01 -2.069946327434459832e+01 -2.156347406213560092e+01 -2.226260702844080086e+01 0.000000000000000000e+00
7.600000000000000418e-04 -4.347771891165107760e+00 -1.161218067115025931e+01 -1.043856327434458819e+01 -1.088385406213563122e+01 -1.149572702844075600e+01 0.000000000000000000e+00
7.700000000000000681e-04 1.678536108835170904e+00 -8.744730671150144019e+00 -7.449783274344525807e+00 -6.970126062135250322e+00 -6.927839028440482494e+00 0.000000000000000000e+00
7.800000000000000943e-04 7.553508108835036872e+00 2.032394328850136045e+00 8.335947256553374318e-01 1.084976937864587709e+00 1.122264971559385982e+00 0.000000000000000000e+00
7.900000000000000121e-04 2.849280108834187253e+00 2.040214328849490499e+00 2.548430725655203233e+00 3.357043937863718241e+00 5.282400971558275593e+00 0.000000000000000000e+00
8.000000000000000383e-04 -6.436611891165249233e+00 5.475219328849831868e+00 5.923694725656138083e+00 5.637867937864976753e+00 6.207992971559542106e+00 0.000000000000000000e+00
8.100000000000000646e-04 6.268948108834393906e+00 1.344459328849433533e+00 2.728544725655347225e+00 2.538400937864111473e+00 1.572552971558736523e+00 0.000000000000000000e+00
8.200000000000000908e-04 1.543730810883462823e+01 -1.061750671150726077e+00 -4.320297274344853555e+00 -6.477627062135793423e+00 -7.213015028440832310e+00 0.000000000000000000e+00
8.300000000000001170e-04 1.823286810883480058e+01 7.227869328849499730e+00 1.254101672565539971e+01 9.400535937864399116e+00 4.571952971559199774e+00 0.000000000000000000e+00
8.400000000000000348e-04 3.089181088350435589e-01 1.856636932884951818e+01 1.746791672565552744e+01 1.804014593786436649e+01 1.985667297155870159e+01 0.000000000000000000e+00
8.500000000000000611e-04 4.544108108833256665e+00 3.573999328847822454e+00 4.970594725654166268e+00 6.266075937862803258e+00 1.154635297155703633e+01 0.000000000000000000e+00
8.600000000000000873e-04 -4.585451891163446980e+00 5.514269328852035912e+00 2.255744725657683691e+00 1.284168937866215332e+00 9.171369715596459082e-01 0.000000000000000000e+00
8.700000000000001135e-04 9.644868108835057186e+00 4.016748288481127305e-01 1.514648725653445549e+00 2.838458378628849199e-01 1.977808971556618056e+00 0.000000000000000000e+00
8.800000000000000313e-04 5.048188108837184274e+00 1.106809328850063556e+00 4.752423256553572894e-01 -8.412410621345136619e-01 5.794225715610075156e-01 0.000000000000000000e+00
8.900000000000000576e-04 1.009014810883400592e+01 9.121269328851539626e+00 1.272113672565686038e+01 1.573525593786552790e+01 1.824315297155776605e+01 0.000000000000000000e+00
9.000000000000000838e-04 -8.081411891165057426e+00 1.715009328849161463e+00 6.928827256554103142e-01 -4.231646621353158944e-01 1.129768971559693913e+00 0.000000000000000000e+00
9.100000000000001100e-04 -5.138291891165200020e+00 -5.583106711505000375e-01 2.744901256553999858e-01 -3.881422621355999913e-01 -1.802087028440799932e+00 0.000000000000000000e+00
9.200000000000000278e-04 -2.841827891165193964e+00 -9.778230671150360820e+00 -9.903843274344685810e+00 -1.084444406213581047e+01 -5.887175028441284041e+00 0.000000000000000000e+00
9.300000000000000541e-04 -2.395295891165534652e+00 -2.784720671150501037e+00 -3.447867274344385891e+00 -3.835638062135493520e+00 -5.186735028440135231e+00 0.000000000000000000e+00
9.400000000000000803e-04 -6.107651891164317171e+00 -2.346940671150002711e+00 -3.005085274344320379e+00 -2.846265062135546753e+00 -3.420615028440889827e+00 0.000000000000000000e+00
9.500000000000001065e-04 8.054841088338908772e-01 -4.129320671149063315e+00 -6.254643274343210102e+00 -5.764047062134024735e+00 -4.743951028441700579e+00 0.000000000000000000e+00
9.600000000000001327e-04 3.101689088348217882e-01 4.391704328848888395e+00 1.865498725654481493e+00 1.367342937864082675e+00 -1.510406284395564569e-01 0.000000000000000000e+00
9.700000000000000505e-04 -3.374667891164862432e+00 -2.495475671150777952e+00 -7.217672743446202910e-01 -9.112830621358586347e-01 -2.302407028441350700e+00 0.000000000000000000e+00
9.800000000000001852e-04 -8.818358911650429066e-01 1.786929328849631737e+00 2.071880725655120159e+00 1.603746937864040767e+00 -3.096462844099079348e-02 0.000000000000000000e+00
9.899999999999999946e-04 -1.268331891164972358e+00 -3.753801711509023864e-01 -1.337157274344856539e+00 -1.237427062135600053e+00 -5.312814284408455823e-01 0.000000000000000000e+00
1.000000000000000021e-03 -9.093518911651999881e-01 2.216889328849500185e+00 2.336420725655400155e+00 8.485799378644000024e-01 -1.586951028440799938e+00 0.000000000000000000e+00
1.010000000000000047e-03 -1.917491891165175488e+00 1.061753288496247588e-01 1.769283256553723371e-01 1.910185937864300243e+00 1.429960971559306460e+00 0.000000000000000000e+00
1.020000000000000073e-03 7.154241088345212329e-01 -9.820156711510180658e-01 -9.206432743453208944e-01 -2.084532062136452701e+00 -6.138342284410235328e-01 0.000000000000000000e+00
1.030000000000000100e-03 -4.783051891165136738e+00 -1.643086711506718811e-01 -1.113891274344761095e+00 -1.478206062135752230e+00 -9.340390284412751765e-01 0.000000000000000000e+00
1.040000000000000126e-03 -4.427851891165315301e+00 -2.189030671150913321e+00 -1.442223274344030415e+00 -9.944640621345984810e-01 -1.609463028439660937e+00 0.000000000000000000e+00
1.050000000000000152e-03 -4.068851891165155443e+00 -3.352265671150034265e+00 -5.998112743446134543e-01 4.764683378640782174e-01 -6.163358284417048694e-01 0.000000000000000000e+00
1.060000000000000178e-03 -1.955015891165105657e+00 -2.215610671150631816e+00 -3.719919274344644311e+00 -4.244963062135647114e+00 -4.914063028440833314e+00 0.000000000000000000e+00
1.069999999999999988e-03 -1.702355891165080681e+00 -1.391650671150670870e+00 -2.926287274344718803e+00 -2.542010062135770632e+00 -4.306175028440878627e+00 0.000000000000000000e+00
1.080000000000000014e-03 -2.027563891165200083e+00 -1.172760671150500089e+00 -2.006955274344599971e+00 -1.727742062135600110e+00 -4.087038284407999988e-01 0.000000000000000000e+00
1.090000000000000040e-03 9.118001088346394667e-01 -1.430735671150374255e+00 -1.104507274344590284e+00 -1.611731062135526082e+00 -1.599455028440779358e+00 0.000000000000000000e+00
1.100000000000000066e-03 3.639533088348661516e-01 -1.785650671150022628e+00 -1.372803274344351010e+00 4.195569378645689906e-01 6.744825715592195348e-01 0.000000000000000000e+00
1.110000000000000092e-03 6.516361088347853991e-01 3.000478288491938428e-01 2.651091256557686071e-01 -9.703840621351871309e-01 -1.767063028440791772e+00 0.000000000000000000e+00
1.120000000000000119e-03 2.547836108834812929e+00 -8.037756711504796536e-01 -8.812412743447822772e-01 -1.747440062135387384e+00 -2.299903028440734687e+00 0.000000000000000000e+00
1.130000000000000145e-03 5.303081088349285155e-01 6.612143288493820270e-01 -7.424012743448026308e-01 -1.622672062135624094e+00 -1.401831028440684523e+00 0.000000000000000000e+00
1.140000000000000171e-03 2.976613088348748493e-01 1.696244328849671579e+00 2.366438725655574782e+00 2.790120937864423389e+00 2.610712971559039808e+00 0.000000000000000000e+00
1.150000000000000197e-03 5.390641088347389864e-01 6.236893288494280707e-01 6.647367256553926573e-01 4.896017378643814366e-01 8.320809715592472067e-01 0.000000000000000000e+00
1.160000000000000007e-03 1.303300108834777538e+00 -1.611816711503281097e-01 1.317650725655524102e+00 1.724132937864432780e+00 2.590696971559284023e+00 0.000000000000000000e+00
1.170000000000000033e-03 1.413121088347999987e-01 6.909193288495000251e-01 -2.771090743446000260e-01 -1.057755621355999931e-01 -1.060118284407999961e-01 0.000000000000000000e+00
1.180000000000000059e-03 1.589728108834691067e+00 6.971743288495840796e-01 6.253347256554936395e-01 -3.005869621353531862e-01 -1.026599028440784878e+00 0.000000000000000000e+00
1.190000000000000085e-03 1.674784108834513452e+00 -8.459906711503443200e-01 2.425947256552657416e-01 -1.035866621356740375e-01 9.196409715588663714e-01 0.000000000000000000e+00
1.200000000000000112e-03 1.040632108834640634e+00 5.955493288494687620e-01 2.053118725655334931e+00 8.726599378651214156e-01 -7.364118284404355119e-01 0.000000000000000000e+00
1.210000000000000138e-03 1.459648108834660007e+00 7.378243288495173191e-01 5.577945256552352404e-01 7.566489378644100094e-01 1.112256971559343111e+00 0.000000000000000000e+00
1.220000000000000164e-03 2.490300108834877957e+00 1.219379328849487187e+00 2.763663256554349523e-01 8.836009378645499623e-01 1.717640971559284635e+00 0.000000000000000000e+00
1.230000000000000190e-03 1.721064108834863049e+00 2.376364328849512653e+00 2.387078725655329858e+00 2.144398937864348653e+00 1.660104971559147380e+00 0.000000000000000000e+00
1.240000000000000000e-03 -5.728918911652338686e-01 2.223144328849553375e+00 2.762318725655421581e+00 2.643463937864390711e+00 2.325528971559168934e+00 0.000000000000000000e+00
1.250000000000000026e-03 -4.490638911652000131e-01 -1.893246711505000013e-01 7.304067256553999909e-01 1.146268937864399984e+00 2.315520971559200003e+00 0.000000000000000000e+00
1.260000000000000052e-03 7.154241088348439748e-01 -6.771356711504826764e-01 -7.742972743445776240e-01 -3.137203621356113858e-01 1.656553155922657963e-02 0.000000000000000000e+00
1.270000000000000078e-03 -3.014686911652010859e-01 -1.455471711504199850e-01 -6.167012743445349221e-01 -5.741973621355468405e-01 -6.388502284406448739e-01 0.000000000000000000e+00
1.280000000000000105e-03 -1.168267891165278183e+00 8.503943288495456887e-01 -2.939948743445059964e-01 -4.341091621355174235e-01 -4.737454284408520455e-01 0.000000000000000000e+00
1.290000000000000131e-03 -9.331198911650684380e-01 4.798493288493287934e-01 -2.945241434450439344e-02 -7.952720621356095254e-01 -9.840710284408324959e-01 0.000000000000000000e+00
1.300000000000000157e-03 -4.130349116517070124e-02 -1.440115671150353549e+00 -2.339570743444218393e-01 1.680192786453527098e-02 7.070033715591365064e-01 0.000000000000000000e+00
1.310000000000000183e-03 5.278081088347921224e-01 -1.021100671150502626e+00 -1.491003274344608220e+00 -1.425678062135547375e+00 -9.340390284408032207e-01 0.000000000000000000e+00
1.320000000000000210e-03 2.748990883480000036e-02 1.186828288495000022e-01 -1.345190743446000037e-01 -1.079644621356000006e-01 -7.664310284408000218e-01 0.000000000000000000e+00
1.330000000000000019e-03 -6.166678911652000439e-01 8.894843288495000166e-01 1.712997256553999981e-01 1.612681378644000019e-01 1.316385715592000016e-01 0.000000000000000000e+00
1.340000000000000045e-03 -7.454998911651977700e-01 3.516433288494874576e-01 4.546041256553650101e-01 3.911019378643634803e-01 8.220729715591490461e-01 0.000000000000000000e+00
1.350000000000000071e-03 -8.968438911652569789e-01 -4.144671711505759637e-01 -2.527190743446374177e-01 -1.029485062135594209e+00 -5.638022284409193174e-01 0.000000000000000000e+00
1.360000000000000098e-03 -8.217998911651861471e-01 -7.459256711504878012e-01 -1.083873274344575588e+00 -1.211163062135637070e+00 -1.291767028440900855e+00 0.000000000000000000e+00
1.370000000000000124e-03 4.327481088349985350e-01 -1.133670671150501352e+00 -5.754236743445169111e-01 -8.981510621356380009e-01 -7.239038284407349755e-01 0.000000000000000000e+00
1.380000000000000150e-03 8.117361088347730957e-01 -7.412356711505824203e-01 -5.716712743445938605e-01 -1.977093621355302533e-01 -3.096462844084720001e-02 0.000000000000000000e+00
1.390000000000000176e-03 1.252016108834841379e+00 5.064293288494247092e-01 3.138903256553625676e-01 1.240575378643971605e-01 2.817337715592064806e-01 0.000000000000000000e+00
1.400000000000000203e-03 5.253041088348133769e-01 1.419509328849503760e+00 1.467746725655379336e+00 1.446141937864380500e+00 1.112256971559159258e+00 0.000000000000000000e+00
1.410000000000000012e-03 -1.863954911652007940e-01 7.925493288495193411e-01 9.349107256554024525e-01 6.953569378644384180e-01 1.157288971559223389e+00 0.000000000000000000e+00
1.420000000000000038e-03 -4.940918911652138479e-01 4.735953288494918478e-01 7.641747256554110024e-01 8.420139378643981543e-01 5.719177715592010935e-01 0.000000000000000000e+00
1.430000000000000064e-03 -2.289226911651441321e-01 5.267543288495109000e-01 4.733661256554162478e-01 4.523904378643867075e-01 6.694793715591218497e-01 0.000000000000000000e+00
1.440000000000000091e-03 9.818441088348056622e-01 -6.771356711505610582e-01 -2.076902743446475963e-01 -2.743201621356755049e-01 -6.348526844089438792e-02 0.000000000000000000e+00
1.450000000000000117e-03 5.153001088347501923e-01 -1.236581711503413339e-01 -1.551572743445153724e-01 -1.473646621356057007e-01 -1.635486284408130264e-01 0.000000000000000000e+00
1.460000000000000143e-03 -2.727002911651617567e-01 6.158743288495315271e-01 5.896899256554183344e-01 5.290012378644127766e-01 6.069393715591413496e-01 0.000000000000000000e+00
1.470000000000000169e-03 -1.651322911652254866e-01 3.469528288495291601e-01 4.489755256554520679e-01 5.859126378644360367e-01 7.445265715592173095e-01 0.000000000000000000e+00
1.480000000000000196e-03 -3.940278911651815541e-01 -4.207211711505027263e-01 -8.474732743446178329e-01 -6.792638621355937545e-01 -6.738718284407912984e-01 0.000000000000000000e+00
1.490000000000000222e-03 -6.391838911652000244e-01 1.014848288494999973e-01 8.499512565540000286e-02 1.174908378643999968e-01 -1.760566284408000004e-01 0.000000000000000000e+00
1.500000000000000031e-03 -8.330558911651999576e-01 -4.285386711504999835e-01 1.600425256554000031e-01 3.429461378643999803e-01 -1.135166284408000020e-01 0.000000000000000000e+00
1.510000000000000057e-03 -2.852082911651886432e-01 -5.817606711505219907e-01 -6.204512743446130019e-01 -4.406751621356099768e-01 -8.099662844082929081e-02 0.000000000000000000e+00
1.520000000000000084e-03 4.252401088348173874e-01 -5.098406711504980260e-01 -3.202616743445804715e-01 -4.778864621355335407e-01 -9.440470284407631585e-01 0.000000000000000000e+00
1.530000000000000110e-03 -4.505589116522685372e-02 -3.519276711504542576e-01 -5.303948743445450198e-01 -4.516196621355501595e-01 -3.136438284408374355e-01 0.000000000000000000e+00
1.540000000000000136e-03 1.288041088346698337e-01 1.311908288494152419e-01 1.300239256554447387e-01 -1.035866621356474615e-01 -2.846302844074575372e-02 0.000000000000000000e+00
1.550000000000000162e-03 -2.164146911651845528e-01 8.584982884945424608e-02 1.150143256553609467e-01 1.853460378644056772e-01 -1.095190844077884723e-02 0.000000000000000000e+00
1.560000000000000189e-03 -2.952146911651891692e-01 -4.861067115048102460e-02 -1.026236743445776145e-01 -2.478696213557768369e-02 1.091241715592146527e-01 0.000000000000000000e+00
1.570000000000000215e-03 -2.601922911651999848e-01 -3.347291711504999934e-01 -5.210138743446000031e-01 -5.041532621355999666e-01 -4.212118284408000179e-01 0.000000000000000000e+00
1.580000000000000024e-03 -8.267998911652000293e-01 -2.409196711505000033e-01 -4.684808743446000068e-01 -2.239754621355999897e-01 -2.260886284407999935e-01 0.000000000000000000e+00
1.590000000000000050e-03 -3.352398911651980895e-01 -1.236581711505054249e-01 -6.510027434462237195e-02 2.094239378643985849e-01 1.966793715592119463e-01 0.000000000000000000e+00
1.600000000000000077e-03 -1.876462911651869958e-01 -7.490556711504979814e-01 -4.816136743446276514e-01 -4.800753621356332324e-01 -2.335934284408499040e-01 0.000000000000000000e+00
1.610000000000000103e-03 1.825881088348317305e-01 -5.473656711505305861e-01 -6.279572743445939187e-01 -6.070308621356341749e-01 -6.163358284408163579e-01 0.000000000000000000e+00
1.620000000000000129e-03 5.328121088348889423e-01 -3.316021711504864578e-01 -3.465284743445332660e-01 -2.765090621355430489e-01 -4.387230284407045433e-01 0.000000000000000000e+00
1.630000000000000155e-03 3.514453088348895582e-01 2.891033288494776476e-01 3.246182565537558684e-02 -2.152198621356355979e-01 -3.447188440816276178e-03 0.000000000000000000e+00
1.640000000000000182e-03 -4.528158911651690710e-01 9.504593288494925796e-01 6.647367256553943227e-01 5.071129378644000374e-01 4.018097715591728569e-01 0.000000000000000000e+00
1.650000000000000208e-03 2.263661088347839745e-01 1.874768288495274604e-01 2.125761256554150325e-01 2.969792378644607878e-01 6.144441715592064979e-01 0.000000000000000000e+00
1.660000000000000234e-03 2.026009088348000031e-01 -4.222846711505000017e-01 -3.484046743445999850e-01 -1.145311621355999954e-01 2.842353715591999785e-01 0.000000000000000000e+00
1.670000000000000043e-03 2.588865088347978571e-01 1.796593288495061114e-01 -5.571927434459023748e-02 -1.823870621355995203e-01 -3.096462844081844523e-02 0.000000000000000000e+00
1.680000000000000070e-03 2.738961088347831585e-01 7.177832884953526393e-02 4.318985855422813325e-03 -4.229802213560095170e-02 -6.348526844079566134e-02 0.000000000000000000e+00
1.690000000000000096e-03 -1.263574911652488308e-01 5.111193288494979559e-01 5.146425256553817107e-01 4.917906378643957521e-01 4.268257715592162493e-01 0.000000000000000000e+00
1.700000000000000122e-03 -2.301734911652108528e-01 1.080217884948508379e-02 -8.814334344630889856e-03 8.027953786432405481e-02 2.907345155916528368e-02 0.000000000000000000e+00
1.710000000000000148e-03 -3.339890911651812733e-01 -2.596816711504938979e-01 -3.183854743446097868e-01 -3.421753621356028452e-01 -2.435990284408016404e-01 0.000000000000000000e+00
1.720000000000000175e-03 -5.506229116521790118e-02 -1.408566711505196412e-01 -1.069053434459349070e-02 1.634570378643715183e-01 1.691625715591750512e-01 0.000000000000000000e+00
1.730000000000000201e-03 1.988485088347872465e-01 -3.597451711505074146e-01 -8.386167434459959602e-02 -1.320423621355957255e-01 -2.846302844078155841e-02 0.000000000000000000e+00
1.740000000000000227e-03 4.875338883480000163e-02 -3.378561711504999843e-01 -4.515950743446000004e-01 -4.253535621355999941e-01 -3.561710284408000082e-01 0.000000000000000000e+00
1.750000000000000036e-03 -1.000910911651999996e-01 9.523082884950000160e-02 -2.114426743446000123e-01 -3.159092621355999997e-01 -2.561070284408000219e-01 0.000000000000000000e+00
1.760000000000000063e-03 -1.813922911652016412e-01 -1.705771150508814853e-03 1.956903256554073378e-01 -2.064642621355701202e-01 -1.735550284408092225e-01 0.000000000000000000e+00
1.770000000000000089e-03 2.438769088348558822e-01 7.646882884948780212e-02 4.245855256553788259e-01 4.742794378644057396e-01 5.158769155921084232e-02 0.000000000000000000e+00
1.780000000000000115e-03 4.615161088347934926e-01 -4.222846711505305328e-01 -1.645382743446231755e-01 -4.229802213564983621e-02 -1.610470284408585806e-01 0.000000000000000000e+00
1.790000000000000141e-03 -6.757029116525288537e-02 9.366732884954069582e-02 -2.939948743446406665e-01 -1.407979621356261202e-01 -3.986974284407565627e-01 0.000000000000000000e+00
1.800000000000000168e-03 7.001690883475686356e-02 2.640878288495203119e-01 3.213951256553633784e-01 2.006683378643743798e-01 2.767305715591918402e-01 0.000000000000000000e+00
1.810000000000000194e-03 -9.133549116520650601e-02 2.265638288495060992e-01 3.814329256554069292e-01 6.231239378643924631e-01 2.191937715592070512e-01 0.000000000000000000e+00
1.820000000000000220e-03 2.126073088348000018e-01 4.363547884950000344e-02 -7.448067434459999803e-02 8.465733786439999520e-02 3.817969715592000046e-01 0.000000000000000000e+00
1.830000000000000246e-03 4.477561088348108176e-01 -5.955517115047898047e-02 1.412805256554170996e-01 -6.856496213558765929e-02 -2.586086284407913549e-01 0.000000000000000000e+00
1.840000000000000056e-03 5.090441088348075516e-01 4.001113288495315445e-01 4.133283256554045049e-01 5.049240378644185290e-01 2.292001715592016375e-01 0.000000000000000000e+00
1.850000000000000082e-03 3.214261088347999951e-01 6.408893288494871276e-01 5.502897256553723748e-01 6.822235378643791703e-01 7.520313715591847581e-01 0.000000000000000000e+00
1.860000000000000108e-03 4.202401088348122205e-01 1.671513288495203586e-01 5.666056553975880620e-04 2.028572378644199203e-01 8.160673155919348498e-02 0.000000000000000000e+00
1.870000000000000134e-03 4.740241088347794118e-01 3.016113288495027023e-01 2.444709256553999899e-01 2.926014378644645753e-01 3.292633715591999910e-01 0.000000000000000000e+00
1.880000000000000161e-03 5.890961088347723695e-01 4.517063288494918560e-01 5.671755256553816515e-01 5.771570378643985366e-01 6.069393715591999694e-01 0.000000000000000000e+00
1.890000000000000187e-03 1.438137088348195314e-01 4.110558288495047563e-01 6.309687256553804247e-01 4.436348378644161539e-01 6.219489715592195767e-01 0.000000000000000000e+00
1.900000000000000213e-03 8.728028834811628334e-03 5.470793288494996132e-01 4.583565256554089640e-01 4.523904378643928692e-01 2.241969715591994317e-01 0.000000000000000000e+00
1.910000000000000239e-03 -5.256069116519999918e-02 -4.832771150500000078e-03 1.675473256554000090e-01 1.503243378643999983e-01 3.042481715591999758e-01 0.000000000000000000e+00
1.920000000000000265e-03 3.999782883481030338e-02 -1.111501711505040596e-01 8.071363655411421117e-03 2.774635786441329022e-02 6.659721155919891278e-02 0.000000000000000000e+00
1.930000000000000075e-03 4.875338883477287749e-02 2.800057884950677908e-02 5.666056554195570338e-04 -7.732056213560759006e-02 -1.660502284407815721e-01 0.000000000000000000e+00
1.940000000000000101e-03 -1.913986911652048872e-01 3.641513288494959699e-01 3.176427256554183454e-01 5.377568378644170810e-01 3.092513715592195567e-01 0.000000000000000000e+00
1.950000000000000127e-03 -7.132269116518263896e-02 -4.079302115054610905e-02 4.747130565532351604e-02 1.547014378643164489e-01 3.667873715591674633e-01 0.000000000000000000e+00
1.960000000000000370e-03 9.128050883479023325e-02 -3.347291711505196443e-01 -4.215758743446089141e-01 -4.735086621356151548e-01 -2.861262284407837253e-01 0.000000000000000000e+00
1.969999999999999963e-03 -2.952146911651967187e-01 1.702783288494769398e-01 1.825569256553511710e-01 4.744631786431645348e-02 -8.349822844087594065e-02 0.000000000000000000e+00
1.979999999999999989e-03 3.724868834784782201e-03 1.358813288495291371e-01 3.176427256554439360e-01 3.954790378644312820e-01 3.517777715591967058e-01 0.000000000000000000e+00
1.990000000000000015e-03 -1.213542911651999956e-01 -4.003961711505000243e-01 -3.108806743445999832e-01 -3.005869621355999888e-01 -2.811230284408000046e-01 0.000000000000000000e+00
2.000000000000000042e-03 -1.776398911651999868e-01 -1.674356711505000095e-01 -3.878042743446000196e-01 -4.975865621355999857e-01 -4.337198284407999815e-01 0.000000000000000000e+00
2.010000000000000068e-03 -5.756389116521030275e-02 -5.642817115051017296e-02 -8.010927434459430563e-02 -1.298534621355743879e-01 -2.185838284408010701e-01 0.000000000000000000e+00
2.020000000000000094e-03 -2.539382911652032782e-01 -1.940151711505006538e-01 -2.114426743446097823e-01 -1.145311621356142340e-01 -1.360310284408021708e-01 0.000000000000000000e+00
2.030000000000000120e-03 -1.989034911652010906e-01 -9.395167115051356044e-02 -1.138808743446048793e-01 -1.057755621355980918e-01 -2.260886284407913061e-01 0.000000000000000000e+00
2.040000000000000147e-03 -1.613798911651934676e-01 -1.080231711504945763e-01 -1.026236743445886057e-01 -1.889537621355772135e-01 -1.335294284407934906e-01 0.000000000000000000e+00
2.050000000000000173e-03 -1.576274911652070509e-01 -1.471101711504851084e-01 -6.885267434458861024e-02 -5.324252213559145519e-02 9.060739559221701878e-03 0.000000000000000000e+00
2.060000000000000199e-03 -1.000910911651945734e-01 -2.065231711504959267e-01 -2.208236743445975703e-01 -2.568089621355838514e-01 -2.736182284407848164e-01 0.000000000000000000e+00
2.070000000000000225e-03 -1.888970911652000095e-01 -1.674356711505000095e-01 -3.258902743445999950e-01 -3.421753621356000141e-01 -2.986342284408000092e-01 0.000000000000000000e+00
2.080000000000000251e-03 -2.827066911651999748e-01 -4.861067115050000248e-02 -1.082522743445999969e-01 -1.977093621356000031e-01 -2.486022284407999883e-01 0.000000000000000000e+00
2.090000000000000278e-03 -3.254829116518426907e-02 -1.064596711505101656e-01 -8.573787434460569679e-02 -4.667582213560000221e-02 -1.310278284407989102e-01 0.000000000000000000e+00
2.100000000000000304e-03 1.162961088348292982e-01 -1.799436711504932285e-01 -1.439000743446048891e-01 -1.364201621356075922e-01 -1.260246284408130246e-01 0.000000000000000000e+00
2.110000000000000330e-03 2.213629088348065266e-01 1.080217884952576653e-02 -2.757621434455606244e-02 -1.561202621355734232e-01 -1.985710284407804505e-01 0.000000000000000000e+00
2.120000000000000356e-03 2.513817088348146433e-01 2.734688288495183417e-01 3.270237256554634486e-01 2.335018378644626580e-01 1.816697715592162643e-01 0.000000000000000000e+00
2.130000000000000383e-03 8.877890883481626139e-02 2.281273288495115070e-01 2.182047256553975578e-01 2.488241378644161506e-01 2.241969715592086743e-01 0.000000000000000000e+00
2.139999999999999975e-03 2.999150883480759464e-02 1.812228288494986406e-01 -6.322407434460000641e-02 3.668574764410438560e-03 -1.345350844079674577e-02 0.000000000000000000e+00
2.150000000000000001e-03 2.113565088348005605e-01 2.078018288494898336e-01 1.619187256553853427e-01 6.276854786439431400e-02 4.158137155920108019e-02 0.000000000000000000e+00
2.160000000000000028e-03 3.451913088347999814e-01 1.202463288494999977e-01 2.294619256553999953e-01 1.875349378644000087e-01 8.660977155919999393e-02 0.000000000000000000e+00
2.170000000000000054e-03 4.877801088347999969e-01 1.077388288495000068e-01 4.184276565540000214e-02 6.495744786439999752e-02 7.160041155919999456e-02 0.000000000000000000e+00
2.180000000000000080e-03 2.751469088347988645e-01 3.547703288495094864e-01 2.819949256554097894e-01 2.794680378644237573e-01 2.016825715592206192e-01 0.000000000000000000e+00
2.190000000000000106e-03 1.300549088347891513e-01 2.234368288494952559e-01 3.082617256553869534e-01 3.473239378643810382e-01 3.517777715591945409e-01 0.000000000000000000e+00
2.200000000000000133e-03 2.226137088347815707e-01 1.249368288494959317e-01 6.998552565538861125e-02 9.560183786438102016e-02 1.441465715591544183e-01 0.000000000000000000e+00
2.210000000000000159e-03 1.300549088348043336e-01 1.655878288494850858e-01 1.544139256553707096e-01 1.284353378643772192e-01 1.016193715591718061e-01 0.000000000000000000e+00
2.220000000000000185e-03 -9.508789116518426288e-02 2.781593288495081695e-01 3.288999256554024364e-01 1.393798378644047486e-01 2.317017715592043225e-01 0.000000000000000000e+00
2.230000000000000211e-03 -1.951510911651999913e-01 6.552432884950000480e-02 1.788045256554000040e-01 1.043574378643999934e-01 1.216321715592000030e-01 0.000000000000000000e+00
2.240000000000000237e-03 -1.025926911652000062e-01 -2.284121711504999985e-01 -1.945568743446000060e-01 -1.561202621356000131e-01 -1.035102284408000034e-01 0.000000000000000000e+00
2.250000000000000264e-03 -6.506869116519892193e-02 -1.189676711504871198e-01 -1.176332743445869800e-01 -2.589978621355838451e-01 -2.310918284407945944e-01 0.000000000000000000e+00
2.260000000000000290e-03 -1.638814911652173578e-01 1.421212349488472923e-03 2.495708565539267454e-02 9.122403786440000384e-02 1.906705155920434061e-02 0.000000000000000000e+00
2.270000000000000316e-03 -3.052210911652141201e-01 -1.596181711504959244e-01 -1.120046743445999998e-01 -8.607546213560379744e-02 -1.560438284408151854e-01 0.000000000000000000e+00
2.280000000000000342e-03 -3.077226911651783081e-01 -1.815071711504932239e-01 -1.457762743445934761e-01 -2.392977621356056905e-01 -1.735550284408021726e-01 0.000000000000000000e+00
2.290000000000000369e-03 -3.577542911652146773e-01 -1.267851711505000034e-01 -1.926806743446000114e-01 -2.414866621355828968e-01 -2.035742284408000036e-01 0.000000000000000000e+00
2.300000000000000395e-03 -2.852082911652043529e-01 -6.737217115049388971e-02 -1.063760743446032636e-01 -7.075386213560949655e-02 -1.685518284407989120e-01 0.000000000000000000e+00
2.309999999999999987e-03 -2.129101116521030929e-02 -4.050861711504918361e-01 -3.634142743445902268e-01 -3.881422621355933300e-01 -4.137070284407815546e-01 0.000000000000000000e+00
2.320000000000000014e-03 -1.278291165191351025e-03 -4.035226711505203179e-01 -3.502808743446146345e-01 -3.662532621356104356e-01 -4.562342284408097970e-01 0.000000000000000000e+00
2.330000000000000040e-03 -6.506869116520000440e-02 -2.205946711504999935e-01 -9.136647434460000439e-02 -8.169836213560000004e-02 -5.598046844079999917e-02 0.000000000000000000e+00
2.340000000000000066e-03 -1.063450911651999953e-01 -9.395167115050000184e-02 -2.696048743446000096e-01 -2.305421621355999984e-01 -2.360942284407999969e-01 0.000000000000000000e+00
2.350000000000000092e-03 1.122961563480759546e-02 2.487357884951220399e-02 -1.063760743445869850e-01 -1.386090621355905161e-01 -3.561710284407880733e-01 0.000000000000000000e+00
2.360000000000000119e-03 3.451913088348043113e-01 4.988942884947423356e-02 -4.446195434461627100e-02 5.401294786439241047e-02 6.409561155920216746e-02 0.000000000000000000e+00
2.370000000000000145e-03 3.764609088347750654e-01 -6.737217115048101113e-02 -6.322407434459674513e-02 3.668574764399999862e-03 2.156865155918481075e-02 0.000000000000000000e+00
2.380000000000000171e-03 1.525693088348195059e-01 2.265638288494952468e-01 1.919379256553967461e-01 2.269351378643990613e-01 7.660353155918589452e-02 0.000000000000000000e+00
2.390000000000000197e-03 1.150453088347880709e-01 2.468893288495135341e-01 2.144523256554057011e-01 1.481354378644218484e-01 1.691625715592076085e-01 0.000000000000000000e+00
2.400000000000000223e-03 1.800865088348000131e-01 1.171193288495000068e-01 1.450329256553999913e-01 1.328131378643999938e-01 9.411457155919999984e-02 0.000000000000000000e+00
2.410000000000000250e-03 1.100421088348000065e-01 2.265638288494999930e-01 2.763663256553999803e-01 3.079237378644000267e-01 2.141905715591999881e-01 0.000000000000000000e+00
2.420000000000000276e-03 1.373120083479783052e-02 1.780958288495020359e-01 1.712997256553959180e-01 1.218686378643886042e-01 1.616577715591880626e-01 0.000000000000000000e+00
2.430000000000000302e-03 5.125498883479349260e-02 1.671513288494946015e-01 1.750521256553934646e-01 1.131130378644037981e-01 1.716641715592076012e-01 0.000000000000000000e+00
2.440000000000000328e-03 3.999782883479674478e-02 3.425452884947287335e-02 1.600425256553886233e-01 9.122403786439620132e-02 1.841713715591869749e-01 0.000000000000000000e+00
2.450000000000000355e-03 -4.880829116518698579e-02 -5.955517115048236665e-02 9.062372565537396563e-02 1.153019378643791171e-01 4.908609155919348849e-02 0.000000000000000000e+00
2.460000000000000381e-03 -1.503701116519566214e-02 6.111683849497966461e-03 3.996656565539755818e-02 -3.135359213560284797e-02 -7.599318844079457069e-02 0.000000000000000000e+00
2.470000000000000407e-03 -1.513734911651929416e-01 2.487357884950813433e-02 -9.887127434459593023e-02 -9.920886213559905464e-02 -1.435358284408065344e-01 0.000000000000000000e+00
2.480000000000000000e-03 -2.764526911652005481e-01 -2.672162115049050643e-02 -2.194767434461220718e-02 -2.040916213560949391e-02 -1.085134284408010852e-01 0.000000000000000000e+00
2.490000000000000026e-03 -1.488718911651999988e-01 -1.846341711504999872e-01 -1.063760743446000023e-01 -4.886472213560000277e-02 -5.598046844079999917e-02 0.000000000000000000e+00
2.500000000000000052e-03 -1.663830911652000033e-01 -2.393561711505000078e-01 -2.058140743446000009e-01 -2.589978621355999988e-01 -2.060758284407999963e-01 0.000000000000000000e+00
2.510000000000000078e-03 -1.253545116519945782e-02 -2.143406711504918793e-01 -2.658524743446016303e-01 -3.049647621356018634e-01 -2.085774284407999890e-01 0.000000000000000000e+00
2.520000000000000104e-03 -2.026558911652010797e-01 -1.314756711504904974e-01 -1.589096743446016258e-01 -1.648758621355923826e-01 -2.511038284407967058e-01 0.000000000000000000e+00
2.530000000000000131e-03 -4.027838911652054654e-01 2.487357884949999848e-02 3.058562565542766523e-02 5.857462864403797584e-03 -7.349158844079566044e-02 0.000000000000000000e+00
2.540000000000000157e-03 -2.601922911651728398e-01 -1.643086711505420405e-01 -1.532810743446162693e-01 -1.736314621356284671e-01 -1.610470284408325459e-01 0.000000000000000000e+00
2.550000000000000183e-03 -1.476210911651902324e-01 -3.941421711504993208e-01 -3.859280743445975825e-01 -3.815755621356057281e-01 -3.961958284407923747e-01 0.000000000000000000e+00
2.560000000000000209e-03 -1.651322911652016445e-01 -2.581181711505176612e-01 -3.127568743445967026e-01 -3.465531621355971703e-01 -3.286534284408086370e-01 0.000000000000000000e+00
2.570000000000000236e-03 6.226428834799969600e-03 -1.893246711505000013e-01 -3.183854743446000168e-01 -2.940202621356000079e-01 -2.561070284408000219e-01 0.000000000000000000e+00
2.580000000000000262e-03 2.026009088348000031e-01 -8.613417115049999684e-02 -5.571927434460000050e-02 -6.418695213559999502e-02 -1.035102284408000034e-01 0.000000000000000000e+00
2.590000000000000288e-03 1.638265088347945764e-01 1.265003288495162581e-01 1.562901256554113660e-01 8.903513786439905264e-02 9.060739559201084689e-03 0.000000000000000000e+00
2.600000000000000314e-03 2.051025088348130132e-01 2.031113288494945934e-01 2.500995256553821267e-01 2.203684378643961939e-01 1.091241715592043415e-01 0.000000000000000000e+00
2.610000000000000341e-03 2.713945088348173607e-01 3.425452884950271060e-02 6.998552565537234649e-02 3.869078786440190154e-02 5.909241155918264210e-02 0.000000000000000000e+00
2.620000000000000367e-03 3.652041088347967035e-01 1.499528288495406980e-01 4.559516565542196670e-02 8.903513786441423494e-02 4.658449155924231089e-02 0.000000000000000000e+00
2.630000000000000393e-03 2.351213088348016456e-01 2.844128288494959245e-01 1.956903256553975679e-01 2.072350378643943170e-01 2.141905715591902182e-01 0.000000000000000000e+00
2.640000000000000419e-03 2.476293088347999993e-01 3.031748288494999777e-01 2.932521256553999867e-01 2.444463378644000096e-01 2.767305715592000004e-01 0.000000000000000000e+00
2.650000000000000012e-03 3.089181088347880411e-01 1.655878288495054029e-01 2.407185256553991959e-01 1.393798378644009461e-01 2.667241715591999740e-01 0.000000000000000000e+00
2.660000000000000038e-03 1.688293088347999904e-01 1.765323288494999865e-01 2.744901256553999858e-01 2.488241378643999968e-01 2.492129715591999972e-01 0.000000000000000000e+00
2.670000000000000064e-03 -8.132909116519999870e-02 3.063018288495000241e-01 2.951283256553999812e-01 3.101126378644000203e-01 2.417081715591999913e-01 0.000000000000000000e+00
2.680000000000000090e-03 -9.758949116519566314e-02 2.031113288494837410e-01 2.200809256553934723e-01 2.685242378643895589e-01 2.116889715591956656e-01 0.000000000000000000e+00
2.690000000000000117e-03 -2.129101116520379713e-02 -6.893567115051153771e-02 -1.256673434461139278e-02 4.744631786439145599e-02 3.907977155918047202e-02 0.000000000000000000e+00
2.700000000000000143e-03 -1.301098911652119328e-01 -5.642817115050406673e-02 -1.195094743446309254e-01 -1.035866621356170830e-01 -1.635486284408021740e-01 0.000000000000000000e+00
2.710000000000000169e-03 -2.514366911651869652e-01 -4.548352115047830241e-02 -1.626620743445869877e-01 -1.539313621355923867e-01 -2.010726284408108633e-01 0.000000000000000000e+00
2.720000000000000195e-03 -2.977162911651907717e-01 -1.471101711504898546e-01 -1.757948743445918727e-01 -1.889537621355933672e-01 -1.460374284407989220e-01 0.000000000000000000e+00
2.730000000000000222e-03 -3.277350911651999987e-01 -2.518641711505000269e-01 -1.551572743445999991e-01 -1.276645621356000126e-01 -1.710534284407999872e-01 0.000000000000000000e+00
2.740000000000000248e-03 -3.615066911652000115e-01 -1.736896711504999913e-01 -1.514048743446000100e-01 -1.364201621355999872e-01 -1.685518284407999945e-01 0.000000000000000000e+00
2.750000000000000274e-03 -2.364274911651962074e-01 -2.846976711505047608e-01 -3.183854743446236091e-01 -2.633756621356057037e-01 -2.661134284408097628e-01 0.000000000000000000e+00
2.760000000000000300e-03 -2.351766911652038161e-01 -3.847611711505000143e-01 -3.953090743445951127e-01 -3.421753621356019015e-01 -3.361582284407967358e-01 0.000000000000000000e+00
2.770000000000000327e-03 -3.389922911652065163e-01 -2.815706711504796789e-01 -2.958710743445902569e-01 -2.852646621355962031e-01 -2.761198284407891945e-01 0.000000000000000000e+00
2.780000000000000353e-03 -1.951510911651858915e-01 -1.861976711504972903e-01 -2.733572743445983888e-01 -3.312308621355828930e-01 -2.511038284408021459e-01 0.000000000000000000e+00
2.790000000000000379e-03 8.728028834840651992e-03 -3.003326711505122093e-01 -2.639762743446024684e-01 -2.962091621356085502e-01 -2.611102284408000074e-01 0.000000000000000000e+00
2.800000000000000405e-03 1.700801088347956569e-01 -2.878246711505046962e-01 -2.621000743446024184e-01 -2.699423621356037972e-01 -3.161454284407978488e-01 0.000000000000000000e+00
2.810000000000000431e-03 9.628370883480000253e-02 2.643707884950000087e-02 4.184276565540000214e-02 -9.920886213559999833e-02 -1.035102284408000034e-01 0.000000000000000000e+00
2.820000000000000024e-03 1.963469088347994385e-01 1.233733288494891500e-01 1.600425256554016407e-01 1.765904378644009565e-01 1.341401715591967470e-01 0.000000000000000000e+00
2.830000000000000050e-03 3.339341088348000142e-01 4.519897884949999889e-02 -2.570001434460000150e-02 1.021685378643999997e-01 4.908609155919999717e-02 0.000000000000000000e+00
2.840000000000000076e-03 1.313057088347869827e-01 1.765323288495094789e-01 6.435704565541872091e-02 6.057964786440190458e-02 -8.349822844080216633e-02 0.000000000000000000e+00
2.850000000000000103e-03 -1.003385116520325374e-02 3.094288288494966288e-01 3.326523256554138053e-01 2.072350378644085556e-01 8.911137155921301789e-02 0.000000000000000000e+00
2.860000000000000129e-03 -8.132909116517939019e-02 1.358813288494959137e-01 1.769283256554000094e-01 1.262464378643829155e-01 1.616577715591934750e-01 0.000000000000000000e+00
2.870000000000000155e-03 1.012865088348119391e-01 -7.362617115049864547e-02 8.071363655404910700e-03 5.857462864384811903e-03 -3.447188440815188507e-03 0.000000000000000000e+00
2.880000000000000181e-03 9.503290883480434992e-02 2.331007884948847059e-02 5.497610565539349375e-02 4.087968786439905022e-02 -1.095190844080216885e-02 0.000000000000000000e+00
2.890000000000000208e-03 1.873438883480271419e-02 9.523082884950000160e-02 6.998552565540082371e-02 6.495744786441043361e-02 5.158769155919891436e-02 0.000000000000000000e+00
2.900000000000000234e-03 -2.529091165200030109e-03 -6.893567115050000527e-02 -6.322407434460000641e-02 -7.732056213559999891e-02 -9.850702844080000409e-02 0.000000000000000000e+00
2.910000000000000260e-03 -1.050942911651999989e-01 -1.265022115049999930e-02 3.246182565539999787e-02 -7.075386213560000415e-02 -3.846934844080000110e-02 0.000000000000000000e+00
2.920000000000000286e-03 -1.964018911652086752e-01 1.861962884949322147e-02 3.433802565539349066e-02 -5.980915213561139449e-02 -1.345350844081301921e-02 0.000000000000000000e+00
2.930000000000000313e-03 -9.884029116520108571e-02 -1.346026711505000084e-01 -4.070955434461302064e-02 -1.320423621355933663e-01 -2.035742284408010860e-01 0.000000000000000000e+00
2.940000000000000339e-03 -7.757669116520758690e-02 -1.611816711504918676e-01 -1.363952743445853433e-01 -1.758203621355867163e-01 -1.360310284407761361e-01 0.000000000000000000e+00
2.950000000000000365e-03 -1.201034911652108517e-01 -2.984862115050000014e-02 -8.010927434459673424e-02 -7.732056213559999891e-02 1.656553155921084916e-02 0.000000000000000000e+00
2.960000000000000391e-03 -1.426178911651934667e-01 -4.235652115049660937e-02 -1.176332743445991785e-01 -5.543135213560285157e-02 -2.846302844079240391e-02 0.000000000000000000e+00
2.970000000000000417e-03 -1.213542911651902256e-01 -1.064596711505047394e-01 -2.414618743446008131e-01 -2.174087621355924038e-01 -2.360942284407923919e-01 0.000000000000000000e+00
2.980000000000000444e-03 -1.926494911651999986e-01 -1.108672115050000039e-02 -1.739186743446000105e-01 -2.436755621355999879e-01 -3.711798284407999970e-01 0.000000000000000000e+00
2.990000000000000036e-03 -2.639446911651999739e-01 -1.421367115050000025e-02 -4.821429434459999913e-02 -9.920886213559999833e-02 -1.285262284408000000e-01 0.000000000000000000e+00
3.000000000000000062e-03 -1.738878911652000092e-01 -1.861976711505000104e-01 -7.823307434460000098e-02 -2.259806213559999860e-02 -5.848206844079999883e-02 0.000000000000000000e+00
3.010000000000000089e-03 -6.757029116520162082e-02 -2.096501711505054100e-01 -2.208236743446073402e-01 -1.867648621356123584e-01 -2.035742284408227909e-01 0.000000000000000000e+00
3.020000000000000115e-03 2.248674883479837364e-02 -1.940151711504898291e-01 -2.395856743445967663e-01 -2.677534621355990296e-01 -3.236502284407891672e-01 0.000000000000000000e+00
3.030000000000000141e-03 1.600741088347848173e-01 -1.346026711505000084e-01 -1.908044743446048741e-01 -2.108420621356000002e-01 -2.886278284407891581e-01 0.000000000000000000e+00
3.040000000000000167e-03 2.413753088348140896e-01 -6.893567115047966043e-02 -1.026236743445723409e-01 -9.920886213558291478e-02 -1.035102284408021683e-01 0.000000000000000000e+00
3.050000000000000194e-03 3.501945088348027424e-01 1.577703288494939071e-01 1.150143256554032600e-01 8.684623786440570647e-02 2.907345155918806406e-02 0.000000000000000000e+00
3.060000000000000220e-03 3.089181088348059712e-01 3.078653288494918594e-01 2.838711256553975715e-01 2.641464378643981203e-01 2.542161715591945703e-01 0.000000000000000000e+00
3.070000000000000246e-03 1.975977088347999899e-01 2.750323288495000185e-01 2.913759256553999921e-01 3.057348378643999776e-01 3.092513715592000167e-01 0.000000000000000000e+00
3.080000000000000272e-03 9.128050883480000322e-02 2.343813288494999980e-01 1.975665256554000049e-01 1.240575378644000054e-01 1.516513715591999989e-01 0.000000000000000000e+00
3.090000000000000299e-03 1.150453088348027120e-01 1.780958288494966235e-01 1.375281256553943232e-01 1.153019378643981019e-01 1.341401715592010768e-01 0.000000000000000000e+00
3.100000000000000325e-03 2.126073088347902318e-01 1.280638288494796440e-01 1.131381256554097742e-01 1.043574378643961909e-01 1.391433715591956777e-01 0.000000000000000000e+00
3.110000000000000351e-03 1.425629088347989126e-01 1.171193288495067930e-01 1.412805256554260369e-01 1.240575378644189902e-01 1.241337715592325391e-01 0.000000000000000000e+00
3.120000000000000377e-03 9.978824834790204698e-03 2.312543288494918747e-01 2.313381256553999898e-01 1.700237378644398611e-01 1.316385715592032490e-01 0.000000000000000000e+00
3.130000000000000403e-03 -1.313606911651934994e-01 2.500163288494993141e-01 1.975665256554016425e-01 1.831571378644037962e-01 1.066225715592021700e-01 0.000000000000000000e+00
3.140000000000000430e-03 -1.551258911652000083e-01 4.832592884950000223e-02 2.308088565540000053e-02 1.218686378643999979e-01 8.911137155920000053e-02 0.000000000000000000e+00
3.150000000000000456e-03 -5.881469116520000179e-02 -1.408566711504999902e-01 -1.682906743445999886e-01 -1.823870621355999921e-01 -1.310278284407999927e-01 0.000000000000000000e+00
3.160000000000000048e-03 -9.383709116520000393e-02 -1.205311711504999939e-01 -1.213856743446000003e-01 -1.801981621355999985e-01 -2.160822284407999949e-01 0.000000000000000000e+00
3.170000000000000075e-03 -2.051574911651999900e-01 -8.613417115049999684e-02 -6.134787434459999800e-02 5.857462864400000274e-03 -2.596142844079999887e-02 0.000000000000000000e+00
3.180000000000000101e-03 -1.926494911652005537e-01 -8.457067115050542760e-02 -1.195094743446130231e-01 -8.388656213560855002e-02 -7.349158844080759534e-02 0.000000000000000000e+00
3.190000000000000127e-03 -9.758949116519566314e-02 -2.346656711505013537e-01 -2.245760743446048868e-01 -2.283532621356028636e-01 -2.360942284408076020e-01 0.000000000000000000e+00
3.200000000000000153e-03 -6.882109116520866710e-02 -1.783801711505013654e-01 -2.095664743445853351e-01 -2.502422621355867571e-01 -2.511038284407956511e-01 0.000000000000000000e+00
3.210000000000000180e-03 -7.007189116520326500e-02 -1.174041711504810181e-01 -7.823307434460977094e-02 -1.079644621356398715e-01 -1.085134284408130201e-01 0.000000000000000000e+00
3.220000000000000206e-03 3.499466883479836893e-02 -1.486736711504905162e-01 -3.695715434460081217e-02 -1.384253213559905049e-02 -8.450388440809773749e-03 0.000000000000000000e+00
3.230000000000000232e-03 7.477228834799970296e-03 -1.346026711505000084e-01 -5.009049434460000061e-02 -6.199805213560000139e-02 -1.595510844079999976e-02 0.000000000000000000e+00
3.240000000000000258e-03 -8.508149116520000166e-02 -2.828512115050000122e-02 -2.945241434460000099e-02 -4.229802213560000107e-02 -2.095830844079999908e-02 0.000000000000000000e+00
3.250000000000000284e-03 -9.508789116519565654e-02 -2.984862115050271325e-02 -4.821429434460406532e-02 -6.418695213559905133e-02 -9.350462844079673874e-02 0.000000000000000000e+00
3.260000000000000311e-03 2.874070883480271330e-02 -6.424517115050068505e-02 1.745228565539430274e-02 -1.603143213560474789e-02 -3.096462844080000165e-02 0.000000000000000000e+00
3.270000000000000337e-03 5.500730883480976080e-02 4.548193849529834354e-03 4.934750565540325234e-02 -7.275832135594293912e-03 1.406393155919132172e-02 0.000000000000000000e+00
3.280000000000000363e-03 1.488169088348206270e-01 -1.734067115050135638e-02 -5.384289434459999663e-02 -1.101533621355924031e-01 -1.310278284408325500e-01 0.000000000000000000e+00
3.290000000000000389e-03 1.550709088348016240e-01 3.112752884954678514e-02 -8.761407434456094934e-02 -6.418695213559430512e-02 -1.160182284407934861e-01 0.000000000000000000e+00
3.300000000000000416e-03 2.123594883480271409e-02 2.734688288494898645e-01 2.088237256553999999e-01 1.328131378643866989e-01 6.909881155919565809e-02 0.000000000000000000e+00
3.310000000000000442e-03 5.250570883479999812e-02 1.702783288495000047e-01 2.125761256553999889e-01 1.962905378644000109e-01 2.191937715592000013e-01 0.000000000000000000e+00
3.320000000000000468e-03 6.626450883480000664e-02 6.865132884949999570e-02 9.437612565540000331e-02 1.371909378644000088e-01 1.616577715591999975e-01 0.000000000000000000e+00
3.330000000000000061e-03 8.002330883479999435e-02 1.108653288494999972e-01 1.075095256554000067e-01 1.437576378643999897e-01 7.410193155920000163e-02 0.000000000000000000e+00
3.340000000000000087e-03 1.950961088347989147e-01 1.014848288494891448e-01 6.060464565539267628e-02 9.122403786438861018e-02 1.656553155918915124e-02 0.000000000000000000e+00
3.350000000000000113e-03 1.838389088348097722e-01 2.956402884949728763e-02 6.195175655400030068e-03 -4.229802213560474727e-02 -2.596142844080759349e-02 0.000000000000000000e+00
3.360000000000000139e-03 1.037881088347902270e-01 6.396082884951219405e-02 6.998552565543743331e-02 4.744631786442277815e-02 3.657817155921518765e-02 0.000000000000000000e+00
3.370000000000000166e-03 5.750890883479782556e-02 1.952938288494850960e-01 1.956903256554016479e-01 2.532019378644132512e-01 2.141905715592238579e-01 0.000000000000000000e+00
3.380000000000000192e-03 -6.757029116519729095e-02 1.796593288494952589e-01 1.900617256553975565e-01 2.291240378644047448e-01 3.117521715592010967e-01 0.000000000000000000e+00
3.390000000000000218e-03 -1.538750911651978470e-01 1.436988288495006649e-01 1.000047256554065095e-01 1.087352378644132894e-01 1.441465715592065155e-01 0.000000000000000000e+00
3.400000000000000244e-03 -1.726370911652000129e-01 -1.220946711505000032e-01 -8.573787434460000689e-02 -5.324252213559999697e-02 -8.850142844080000071e-02 0.000000000000000000e+00
3.410000000000000270e-03 -2.289226911652000040e-01 -1.799436711505000008e-01 -1.757948743446000051e-01 -1.955204621356000094e-01 -1.710534284407999872e-01 0.000000000000000000e+00
3.420000000000000297e-03 -1.501226911651902252e-01 -1.643086711505006570e-01 -1.908044743445837244e-01 -1.998982621356018841e-01 -2.085774284407967416e-01 0.000000000000000000e+00
3.430000000000000323e-03 -9.383709116519892146e-02 -1.924516711505040722e-01 -1.889282743446056845e-01 -2.327310621356028508e-01 -1.785582284407956632e-01 0.000000000000000000e+00
3.440000000000000349e-03 -1.413670911651967455e-01 -1.205311711505040601e-01 -5.384289434458534862e-02 -2.040916213556962303e-02 -5.097726844079349118e-02 0.000000000000000000e+00
3.450000000000000375e-03 -1.151002911651934912e-01 -4.704702115050610201e-02 -5.571927434461952655e-02 1.680192786438291369e-02 -5.948788440813018025e-03 0.000000000000000000e+00
3.460000000000000402e-03 -3.379909116520868340e-02 -1.846341711504979610e-01 -1.476524743446056831e-01 -8.388656213559905761e-02 -5.347886844080217139e-02 0.000000000000000000e+00
3.470000000000000428e-03 1.873438883480000108e-02 -1.861976711505000104e-01 -1.870520743446000000e-01 -2.020871621355999903e-01 -2.936310284408000237e-01 0.000000000000000000e+00
3.480000000000000454e-03 9.378210883479999593e-02 -8.457067115050000139e-02 -5.571927434460000050e-02 -1.736314621355999899e-01 -1.960694284407999977e-01 0.000000000000000000e+00
3.490000000000000480e-03 2.926581088348091941e-01 2.018307884950407138e-02 9.947551655407352311e-03 -2.259806213559999860e-02 -2.095830844079565880e-02 0.000000000000000000e+00
3.500000000000000073e-03 1.963469088347999936e-01 1.968573288494999962e-01 9.249992565539999489e-02 1.023523486440000053e-02 9.060739559200000487e-03 0.000000000000000000e+00
3.510000000000000099e-03 7.502010883480433878e-02 2.625243288495006655e-01 2.219571256553967420e-01 2.028572378644113716e-01 1.716641715592130135e-01 0.000000000000000000e+00
3.520000000000000125e-03 2.763977088348000266e-01 1.483893288494939067e-01 2.106999256553991895e-01 2.313129378643952461e-01 2.392065715591945863e-01 0.000000000000000000e+00
3.530000000000000152e-03 1.988485088347945740e-01 1.202463288495013577e-01 1.300239256554081291e-01 1.393798378644000024e-01 1.216321715591978381e-01 0.000000000000000000e+00
3.540000000000000178e-03 4.249942883479457256e-02 2.891033288495013509e-01 3.307761256553951035e-01 2.532019378644037588e-01 1.716641715592173434e-01 0.000000000000000000e+00
3.550000000000000204e-03 -1.878941116519565815e-02 2.265638288495088193e-01 2.182047256554081327e-01 2.094239378644047467e-01 2.241969715591999868e-01 0.000000000000000000e+00
3.560000000000000230e-03 -8.783051165201657962e-03 3.269102884950949445e-02 2.120468565541057740e-02 6.714627786440000023e-02 7.910513155921193584e-02 0.000000000000000000e+00
3.570000000000000256e-03 7.376930883479999868e-02 1.080217884950000068e-02 3.621422565540000083e-02 1.479690864400000014e-03 4.158137155919999772e-02 0.000000000000000000e+00
3.580000000000000283e-03 8.728028834799969257e-03 9.238678849500000026e-03 -1.444287434459999922e-02 6.933517786439999386e-02 1.906705155920000033e-02 0.000000000000000000e+00
3.590000000000000309e-03 -1.313606911651967468e-01 2.018307884949796863e-02 5.309990565540814028e-02 8.684623786440665016e-02 1.141273715592043408e-01 0.000000000000000000e+00
3.600000000000000335e-03 -1.251066911652043423e-01 -5.799167115050814225e-02 4.559516565538698080e-02 4.087968786437152363e-02 4.658449155919348883e-02 0.000000000000000000e+00
3.610000000000000361e-03 -8.633229116518698065e-02 -1.721261711504823710e-01 -9.136647434460000439e-02 -1.254756621356056812e-01 -1.710534284407999872e-01 0.000000000000000000e+00
3.620000000000000388e-03 -4.880829116518698579e-02 -1.220946711505020432e-01 -1.157570743446000028e-01 -1.517424621355800696e-01 -1.410342284407869740e-01 0.000000000000000000e+00
3.630000000000000414e-03 -7.632589116519511441e-02 -7.049917115050474692e-02 -6.510027434460081974e-02 -7.513166213559051287e-02 -4.347254844079782854e-02 0.000000000000000000e+00
3.640000000000000440e-03 -1.163510911651999963e-01 -5.173767115050000032e-02 -2.382387434459999967e-02 8.046348864399999537e-03 -5.948788440799999792e-03 0.000000000000000000e+00
3.650000000000000466e-03 -2.551890911651999994e-01 -4.079302115050000010e-02 -9.511887434459999346e-02 1.680192786440000072e-02 6.559155559200000214e-03 0.000000000000000000e+00
3.660000000000000493e-03 -9.008469116519457476e-02 -2.393561711504945955e-01 -1.757948743446113848e-01 -1.495535621356056943e-01 -1.285262284408184297e-01 0.000000000000000000e+00
3.670000000000000085e-03 4.875338883480000163e-02 -2.377926711505000124e-01 -2.339570743446000023e-01 -2.918313621356000143e-01 -2.736182284408000265e-01 0.000000000000000000e+00
3.680000000000000111e-03 -3.630069116520651118e-02 -1.890417115049525254e-02 -1.120046743445886062e-01 -1.342312621355895574e-01 -1.785582284407913056e-01 0.000000000000000000e+00
3.690000000000000138e-03 1.748358883481030898e-02 5.770682884949593361e-02 5.685230565540162762e-02 4.306851786440569346e-02 2.907345155919891302e-02 0.000000000000000000e+00
3.700000000000000164e-03 1.575725088348130243e-01 1.549262884949999947e-02 1.182374565540976474e-02 4.525741786439430037e-02 8.160673155921084609e-02 0.000000000000000000e+00
3.710000000000000190e-03 2.623910883483146494e-02 1.171193288494864482e-01 1.150143256553772114e-01 4.963521786439620276e-02 7.910513155919349226e-02 0.000000000000000000e+00
3.720000000000000216e-03 -1.939002911651891425e-01 1.577703288495040934e-01 1.337757256554032437e-01 1.634570378643933619e-01 1.166289715592043474e-01 0.000000000000000000e+00
3.730000000000000242e-03 -9.133549116519999733e-02 -2.672162115049999884e-02 -8.814334344599970145e-03 -2.898102135599990060e-03 2.156865155919999999e-02 0.000000000000000000e+00
3.740000000000000269e-03 -8.783051165200030791e-03 -1.377296711504999993e-01 -9.324267434459999893e-02 -1.692536621356000026e-01 -1.510406284407999900e-01 0.000000000000000000e+00
3.750000000000000295e-03 4.875338883480488661e-02 4.548193849507458156e-03 -3.132861434459023597e-02 -6.637606213559241186e-02 -8.850142844079565696e-02 0.000000000000000000e+00
3.760000000000000321e-03 -1.128465116521355956e-02 8.897682884950271209e-02 5.685230565540080883e-02 7.371297786440758615e-02 3.407657155921301612e-02 0.000000000000000000e+00
3.770000000000000347e-03 -1.638814911651934880e-01 2.643707884950813672e-02 5.685230565539511199e-02 8.465733786439050279e-02 1.041209715591934898e-01 0.000000000000000000e+00
3.780000000000000374e-03 -7.382429116518915424e-02 -5.955517115052304938e-02 -8.386167434461952452e-02 2.993518786440000148e-02 -9.455964408086840875e-04 0.000000000000000000e+00
3.790000000000000400e-03 3.124230883482278370e-02 -1.940151711505040677e-01 -1.044998743446341749e-01 -1.013977621356085546e-01 -1.410342284408097613e-01 0.000000000000000000e+00
3.800000000000000426e-03 6.501370883480270257e-02 -9.395167115050338802e-02 -7.448067434461219660e-02 -9.045326213560568596e-02 -9.350462844081193492e-02 0.000000000000000000e+00
3.810000000000000452e-03 1.463153088348000119e-01 3.581802884949999988e-02 1.182374565539999998e-02 -1.165363213560000055e-02 9.060739559200000487e-03 0.000000000000000000e+00
3.820000000000000479e-03 4.875338883480000163e-02 9.366732884950000615e-02 6.623312565540000196e-02 4.525741786439999720e-02 4.658449155919999751e-02 0.000000000000000000e+00
3.830000000000000505e-03 -6.256709116519729164e-02 1.499528288494864359e-01 7.186172565539511448e-02 1.109241378644085507e-01 9.161297155920107571e-02 0.000000000000000000e+00
3.840000000000000531e-03 -2.529091165207624295e-03 1.080217884947152172e-02 -3.695715434460650900e-02 4.525741786437531555e-02 1.156233155919132033e-02 0.000000000000000000e+00
3.850000000000000124e-03 6.626450883479566289e-02 -1.111501711504999934e-01 -7.448067434459348934e-02 -6.199805213559810013e-02 -5.598046844079891671e-02 0.000000000000000000e+00
3.860000000000000150e-03 -2.753116520328055428e-05 2.018307884950678102e-02 5.685230565540325132e-02 -2.259806213558480936e-02 1.156233155919782901e-02 0.000000000000000000e+00
3.870000000000000176e-03 6.501370883479891394e-02 5.614332884950813674e-02 4.934750565539674366e-02 3.668574764398101207e-03 9.060739559195660209e-03 0.000000000000000000e+00
3.880000000000000202e-03 -2.129101116520054279e-02 9.992132884949389560e-02 -6.938134344605665499e-03 -2.697586213559145796e-02 -1.595510844080325411e-02 0.000000000000000000e+00
3.890000000000000228e-03 -3.880189116520216946e-02 9.054032884950881377e-02 2.683322565540244287e-02 2.774635786439145352e-02 4.408297155920216925e-02 0.000000000000000000e+00
3.900000000000000255e-03 1.223268834799970048e-03 -2.359462115050000100e-02 -1.256673434460000086e-02 -7.092021355999959982e-04 -3.447188440800000135e-03 0.000000000000000000e+00
3.910000000000000281e-03 -6.882109116519999348e-02 -4.832771150500000078e-03 -3.883335434460000180e-02 -5.543135213559999969e-02 -4.597414844080000007e-02 0.000000000000000000e+00
3.920000000000000741e-03 -6.381789116520758531e-02 2.800057884949050738e-02 6.060464565540162746e-02 6.276854786438861022e-02 3.157497155920217097e-02 0.000000000000000000e+00
3.930000000000000333e-03 -1.003385116520433967e-02 -2.359462115051898581e-02 -1.256673434462441015e-02 3.668574764394304331e-03 -1.595510844080650845e-02 0.000000000000000000e+00
3.939999999999999926e-03 -9.508789116520000029e-02 -6.424517115050000504e-02 -7.823307434460000098e-02 -2.478696213559999917e-02 -3.447188440800000135e-03 0.000000000000000000e+00
3.950000000000000386e-03 -1.751382911651945817e-01 2.331007884948915060e-02 -2.570001434461301887e-02 4.963521786439620276e-02 2.407025155918698228e-02 0.000000000000000000e+00
3.959999999999999978e-03 -1.501226911652086826e-01 -7.206267115048914373e-02 -1.007474743445804788e-01 -5.762025213559050785e-02 -3.846934844079132054e-02 0.000000000000000000e+00
3.970000000000000438e-03 1.223268834799970048e-03 -2.487371711505000083e-01 -1.776710743445999996e-01 -1.386090621356000085e-01 -1.335294284408000132e-01 0.000000000000000000e+00
3.980000000000000031e-03 3.624546883480000287e-02 -1.908881711504999967e-01 -1.195094743446000057e-01 -7.513166213560000528e-02 -1.010086284407999968e-01 0.000000000000000000e+00
3.990000000000000491e-03 8.252490883480000095e-02 -8.144367115049999661e-02 -1.120046743445999998e-01 -9.483106213559999720e-02 -9.100302844079999343e-02 0.000000000000000000e+00
4.000000000000000083e-03 1.750833088348000000e-01 -4.861067115050000248e-02 -2.382387434459999967e-02 -8.388656213560000130e-02 -1.235230284408000007e-01 0.000000000000000000e+00
4.010000000000000543e-03 1.238009088348119291e-01 1.515163288495162686e-01 1.394043256554195476e-01 1.612681378644246766e-01 1.091241715592238676e-01 0.000000000000000000e+00
4.020000000000000136e-03 1.538201088348086776e-01 1.843498288494972714e-01 1.712997256553934755e-01 2.094239378643829030e-01 2.292001715591978350e-01 0.000000000000000000e+00
4.030000000000000596e-03 1.650773088347869955e-01 1.280638288495040689e-01 1.469091256553983760e-01 1.306242378644018876e-01 1.816697715591848172e-01 0.000000000000000000e+00
4.040000000000000188e-03 3.124230883479565957e-02 1.999843288494918547e-01 1.375281256554016507e-01 1.809682378644151823e-01 1.591561715592000048e-01 0.000000000000000000e+00
4.050000000000000648e-03 6.626450883480000664e-02 1.155558288494999974e-01 1.093857256554000013e-01 1.503243378643999983e-01 1.616577715591999975e-01 0.000000000000000000e+00
4.060000000000000241e-03 1.112929088348000028e-01 2.487357884949999848e-02 5.497610565540000244e-02 1.479690864400000014e-03 4.658449155919999751e-02 0.000000000000000000e+00
4.070000000000000701e-03 -3.504989116519999920e-02 7.177832884950000047e-02 9.812852565540000627e-02 1.196797378644000043e-01 5.408929155920000342e-02 0.000000000000000000e+00
4.080000000000000293e-03 -7.382429116520000667e-02 8.272282884949999637e-02 1.056333256553999983e-01 1.021685378643999997e-01 1.241337715591999957e-01 0.000000000000000000e+00
4.090000000000000753e-03 -1.338622911652075920e-01 4.988942884950406387e-02 1.557614565539511796e-02 3.431298786441518839e-02 8.660977155920215886e-02 0.000000000000000000e+00
4.100000000000000346e-03 -1.438686911651967659e-01 -3.610257115050949372e-02 -9.511887434459186108e-02 1.242412786439050718e-02 3.657817155918480917e-02 0.000000000000000000e+00
4.109999999999999938e-03 -5.381149116520651116e-02 -1.783801711504945930e-01 -1.232618743445999948e-01 -8.826436213560000243e-02 -7.349158844082169517e-02 0.000000000000000000e+00
4.120000000000000398e-03 -1.326114911651869732e-01 -1.908881711504891443e-01 -1.757948743445918727e-01 -1.210978621356056939e-01 -1.435358284408065344e-01 0.000000000000000000e+00
4.129999999999999991e-03 -8.257989116519565131e-02 -8.769767115050679240e-02 -1.063760743446016260e-01 -1.298534621356000063e-01 -1.210214284408086677e-01 0.000000000000000000e+00
4.140000000000000450e-03 -8.132909116519999870e-02 -8.144367115049999661e-02 -1.439000743446000041e-01 -9.701996213560000470e-02 -9.600622844080000662e-02 0.000000000000000000e+00
4.150000000000000043e-03 -9.508789116520000029e-02 -1.108672115050000039e-02 -8.949027434459999597e-02 -2.478696213559999917e-02 -3.846934844080000110e-02 0.000000000000000000e+00
4.160000000000000503e-03 -7.132269116520000007e-02 -2.984862115050000014e-02 5.666056554000290348e-04 -1.165363213560000055e-02 -3.447188440800000135e-03 0.000000000000000000e+00
4.170000000000000095e-03 -8.257989116519999506e-02 -1.048961711504999977e-01 -5.759547434460000198e-02 -9.264216213560000357e-02 -6.098366844079999849e-02 0.000000000000000000e+00
4.180000000000000555e-03 -1.538750911651924069e-01 -2.515812115052034129e-02 -6.885267434461302127e-02 -9.701996213559051230e-02 -1.035102284407848211e-01 0.000000000000000000e+00
4.190000000000000148e-03 -6.882109116519891101e-02 -1.080231711505094949e-01 -1.138808743446048793e-01 -1.407979621355943123e-01 -1.085134284407956590e-01 0.000000000000000000e+00
4.200000000000000608e-03 6.126130883479131983e-02 -1.846341711504566052e-01 -1.589096743446065108e-01 -1.517424621356227854e-01 -1.635486284407739743e-01 0.000000000000000000e+00
4.210000000000000200e-03 -2.753116521521034588e-05 5.301632884948914715e-02 -5.947167434460814278e-02 1.242412786437721399e-02 -6.348526844080000509e-02 0.000000000000000000e+00
4.220000000000000660e-03 -8.783051165200030791e-03 1.014848288494999973e-01 6.060464565539999682e-02 5.620184786440000219e-02 -5.948788440799999792e-03 0.000000000000000000e+00
4.230000000000000253e-03 1.075405088347999999e-01 -7.959721150500000814e-03 2.308088565540000053e-02 -2.040916213560000150e-02 3.157497155919999909e-02 0.000000000000000000e+00
4.240000000000000713e-03 1.713309088347913234e-01 4.548193849491862992e-03 6.195175655396775727e-03 3.212408786441139225e-02 1.656553155919565992e-02 0.000000000000000000e+00
4.250000000000000305e-03 1.888421088347999877e-01 5.770682884949999980e-02 3.996656565540000067e-02 1.021685378643999997e-01 1.016193715592000058e-01 0.000000000000000000e+00
4.260000000000000765e-03 1.275533088348065336e-01 1.655878288495379602e-01 1.000047256554227881e-01 2.203684378644056863e-01 2.166921715592108610e-01 0.000000000000000000e+00
4.270000000000000358e-03 1.225501088347999978e-01 2.906668288495000141e-01 2.332143256553869948e-01 2.553908378644113575e-01 2.016825715591826496e-01 0.000000000000000000e+00
4.279999999999999950e-03 1.300549088347967563e-01 1.483893288495000129e-01 1.938141256554032354e-01 1.941016378643772022e-01 1.716641715592064910e-01 0.000000000000000000e+00
4.290000000000000410e-03 1.400613088347934798e-01 4.988942884951355627e-02 1.037571256553821014e-01 1.153019378644056930e-01 1.316385715591869843e-01 0.000000000000000000e+00
4.300000000000000003e-03 -3.254829116518481030e-02 1.671513288494796690e-01 1.206429256553886026e-01 1.306242378644056901e-01 1.166289715591934950e-01 0.000000000000000000e+00
4.310000000000000463e-03 -6.757029116519999712e-02 9.679432884949999705e-02 7.186172565539999946e-02 1.262464378644000129e-01 1.166289715592000037e-01 0.000000000000000000e+00
4.320000000000000055e-03 -1.551258911652000083e-01 -1.734067115049999983e-02 2.442799655400030093e-03 2.774635786439999877e-02 1.656553155920000020e-02 0.000000000000000000e+00
4.330000000000000515e-03 -1.601290911652075988e-01 -8.926117115050136164e-02 -4.070955434460976630e-02 1.461302786438291312e-02 -5.347886844079131896e-02 0.000000000000000000e+00
4.340000000000000108e-03 2.373754883480000064e-02 -1.080231711505000025e-01 -1.063760743446000023e-01 -1.845759621356000135e-01 -2.060758284407999963e-01 0.000000000000000000e+00
4.350000000000000568e-03 3.724868834782612062e-03 -8.613417115049999684e-02 -1.551572743445869818e-01 -1.539313621355810069e-01 -1.885646284407674345e-01 0.000000000000000000e+00
4.360000000000000160e-03 -9.008469116521518327e-02 -1.422761505054264178e-04 4.747130565540163410e-02 1.461302786441328987e-02 3.157497155920867965e-02 0.000000000000000000e+00
4.370000000000000620e-03 -7.382429116517179313e-02 -6.111817115050000027e-02 5.309990565541952701e-02 2.993518786440759610e-02 1.406393155918698144e-02 0.000000000000000000e+00
4.380000000000000213e-03 1.125437088347826381e-01 -9.864217115049321583e-02 -1.251380743445755783e-01 -9.264216213558101876e-02 -8.450388440813029825e-03 0.000000000000000000e+00
4.390000000000000673e-03 1.062897088348000035e-01 -6.268167115049999571e-02 -5.196669434460000209e-02 -5.980915213560000082e-02 -5.848206844079999883e-02 0.000000000000000000e+00
4.400000000000000265e-03 1.450645088347999878e-01 2.643707884950000087e-02 -1.444287434459999922e-02 -3.135359213560000302e-02 -3.447188440800000135e-03 0.000000000000000000e+00
4.410000000000000725e-03 1.700801088347902168e-01 1.124288288495162852e-01 7.936652565540162907e-02 6.714627786440380275e-02 3.157497155919566229e-02 0.000000000000000000e+00
4.420000000000000318e-03 5.000418883479999799e-02 2.312543288495000071e-01 2.163285256554000058e-01 1.809682378644000000e-01 1.141273715591999971e-01 0.000000000000000000e+00
4.430000000000000777e-03 -2.129101116518806666e-02 1.186828288495040684e-01 1.525377256553804572e-01 1.547014378643981058e-01 1.791681715592130242e-01 0.000000000000000000e+00
4.440000000000000370e-03 -5.130989116515227016e-02 -5.173767115051491894e-02 -5.061934344616243232e-03 5.620184786437532054e-02 7.910513155918698358e-02 0.000000000000000000e+00
4.449999999999999963e-03 2.373754883478481140e-02 -1.283486711505040789e-01 -8.010927434459673424e-02 -1.276645621356038152e-01 -1.110150284407999954e-01 0.000000000000000000e+00
4.460000000000000422e-03 -3.379909116520000284e-02 -4.832771150500000078e-03 -8.949027434459999597e-02 -4.229802213560000107e-02 -5.097726844079999986e-02 0.000000000000000000e+00
4.470000000000000015e-03 -1.576274911651945887e-01 1.139923288495108544e-01 4.934750565539023498e-02 1.087352378644018958e-01 4.158137155919999772e-02 0.000000000000000000e+00
4.480000000000000475e-03 -8.132909116519999870e-02 -1.422761505000019917e-04 1.557614565539999947e-02 1.109241378644000020e-01 1.656553155920000020e-02 0.000000000000000000e+00
4.490000000000000067e-03 -6.281491165200030029e-03 -9.864217115050000206e-02 5.666056554000290348e-04 -7.092021355999959982e-04 -2.095830844079999908e-02 0.000000000000000000e+00
4.500000000000000527e-03 9.002970883480977682e-02 -1.142771711505027044e-01 2.308088565537396233e-02 -6.199805213559810013e-02 -2.345982844078046969e-02 0.000000000000000000e+00
4.510000000000000120e-03 6.001050883479999709e-02 -6.737217115049999594e-02 -6.510027434460000095e-02 -4.010919213559999835e-02 1.555985159199999935e-03 0.000000000000000000e+00
4.520000000000000580e-03 -2.004021116520651041e-02 1.311908288495149122e-01 1.182374565542278211e-02 1.461302786441139208e-02 7.660353155920215928e-02 0.000000000000000000e+00
4.530000000000000172e-03 -3.630069116520433931e-02 1.296273288494891596e-01 1.000047256554048858e-01 1.174908378643980955e-01 5.659089155921302045e-02 0.000000000000000000e+00
4.540000000000000632e-03 9.978824834847703842e-03 1.236562884945117957e-02 9.062372565532839097e-02 2.117965786441518977e-02 4.908609155921301453e-02 0.000000000000000000e+00
4.550000000000000225e-03 2.276169088347891611e-01 -4.392002115050271105e-02 -1.063760743446032636e-01 -2.916476213561518954e-02 -9.100302844079348474e-02 0.000000000000000000e+00
4.560000000000000685e-03 1.913437088348000081e-01 2.018307884950000172e-02 6.623312565540000196e-02 3.869078786440000028e-02 -1.095190844080000045e-02 0.000000000000000000e+00
4.570000000000000277e-03 -4.505589116520000020e-02 1.186828288495000022e-01 1.581663256554000085e-01 1.481354378644000047e-01 1.766665715591999863e-01 0.000000000000000000e+00
4.580000000000000737e-03 -3.129749116521410995e-02 1.530798288494959192e-01 1.319001256553853363e-01 1.350020378643848051e-01 2.241969715591848045e-01 0.000000000000000000e+00
4.590000000000000330e-03 8.728028834806477940e-03 1.233733288494593128e-01 -2.945241434459511948e-02 -7.092021355867060648e-04 4.908609155918915168e-02 0.000000000000000000e+00
4.600000000000000790e-03 5.500730883482820438e-02 -5.173767115051220583e-02 -8.386167434459837478e-02 -2.916476213560949271e-02 -5.598046844080433598e-02 0.000000000000000000e+00
4.610000000000000382e-03 2.113565088347793830e-01 -1.734067115046745294e-02 1.932848565540325539e-02 -2.898102135599990060e-03 -3.596782844078915548e-02 0.000000000000000000e+00
4.619999999999999975e-03 1.313057088347663603e-01 4.988942884951762941e-02 3.433802565542115603e-02 9.560183786442279230e-02 4.408297155922169530e-02 0.000000000000000000e+00
4.630000000000000435e-03 -1.226050911652000058e-01 2.468893288494999894e-01 1.562901256553999862e-01 2.050461378644000132e-01 1.716641715591999962e-01 0.000000000000000000e+00
4.640000000000000027e-03 -2.064082911652043162e-01 1.030483288495271377e-01 1.637949256554178945e-01 1.590792378644379779e-01 1.266353715592108409e-01 0.000000000000000000e+00
4.650000000000000487e-03 -1.288590911652000015e-01 -1.299121711504999943e-01 -9.511887434459999346e-02 -4.229802213560000107e-02 2.907345155919999896e-02 0.000000000000000000e+00
4.660000000000000080e-03 -2.051574911651999900e-01 -1.924516711504999922e-01 -2.489666743445999864e-01 -2.130309621355999938e-01 -2.310918284408000067e-01 0.000000000000000000e+00
4.670000000000000540e-03 -2.639446911651728289e-01 -1.142771711505339016e-01 -1.682906743446048736e-01 -1.364201621355904948e-01 -1.635486284407978441e-01 0.000000000000000000e+00
4.680000000000000132e-03 -7.507509116520000303e-02 -2.002691711504999972e-01 -1.101284743446000053e-01 -7.732056213559999891e-02 -8.850142844080000071e-02 0.000000000000000000e+00
4.690000000000000592e-03 -9.133549116521193223e-02 -2.143406711504959317e-01 -1.889282743445739599e-01 -1.977093621356076081e-01 -2.135806284408086897e-01 0.000000000000000000e+00
4.700000000000000185e-03 -5.506229116515660299e-02 -1.299121711504742371e-01 -2.945241434458047147e-02 -3.792029213558860412e-02 -1.310278284407717930e-01 0.000000000000000000e+00
4.710000000000000644e-03 2.513817088347999884e-01 -1.002056711504999975e-01 2.120468565539999906e-02 8.046348864399999537e-03 3.157497155919999909e-02 0.000000000000000000e+00
4.720000000000000237e-03 2.288677088348000099e-01 -9.523221150499999732e-03 -1.476524743445999932e-01 -8.169836213560000004e-02 -9.100302844079999343e-02 0.000000000000000000e+00
4.730000000000000697e-03 7.376930883479999868e-02 1.812228288495000006e-01 1.356519256553999908e-01 8.246843786440000157e-02 9.661617155920000644e-02 0.000000000000000000e+00
4.740000000000000289e-03 9.503290883480000617e-02 2.250003288494999976e-01 2.219571256553999894e-01 1.612681378644000019e-01 2.216953715591999940e-01 0.000000000000000000e+00
4.750000000000000749e-03 1.375597088347869923e-01 1.108653288494850786e-01 1.562901256553869689e-01 1.612681378644018892e-01 1.691625715592000034e-01 0.000000000000000000e+00
4.760000000000000342e-03 1.775849088348086802e-01 4.832592884952170015e-02 7.561412565541952846e-02 1.262464378644171104e-01 1.116257715592130217e-01 0.000000000000000000e+00
4.770000000000000802e-03 1.763341088347880614e-01 1.311908288495298447e-01 1.600425256554211528e-01 1.678348378644284877e-01 1.691625715591978385e-01 0.000000000000000000e+00
4.780000000000000394e-03 -1.113478911652086706e-01 1.827863288495162608e-01 1.243953256553918668e-01 2.006683378643905058e-01 1.241337715592043395e-01 0.000000000000000000e+00
4.789999999999999987e-03 -1.025926911652021711e-01 7.803232884948371750e-02 -5.061934344614616062e-03 8.903513786437151911e-02 7.910513155918481865e-02 0.000000000000000000e+00
4.800000000000000447e-03 -1.526242911651999878e-01 -7.206267115049999616e-02 -8.198547434460000394e-02 -1.320423621355999999e-01 -3.447188440800000135e-03 0.000000000000000000e+00
4.810000000000000039e-03 -2.339258911651967421e-01 -3.766607115049050436e-02 -2.194767434460651034e-02 -4.448692213562278203e-02 -6.598678844079348960e-02 0.000000000000000000e+00
4.820000000000000499e-03 -1.913986911652000023e-01 -7.049917115050000072e-02 -1.120046743445999998e-01 2.336855786440000110e-02 -8.850142844080000071e-02 0.000000000000000000e+00
4.830000000000000092e-03 -2.126622911651999959e-01 -1.940151711504999876e-01 -1.120046743445999998e-01 -2.259806213559999860e-02 -4.847574844079999973e-02 0.000000000000000000e+00
4.840000000000000552e-03 -5.256069116518914675e-02 -2.299756711504959139e-01 -1.439000743446309238e-01 -1.342312621356151758e-01 -1.635486284407978441e-01 0.000000000000000000e+00
4.850000000000000144e-03 7.251850883479891985e-02 -2.315386711504918704e-01 -1.626620743445967576e-01 -1.692536621356208748e-01 -1.885646284407848094e-01 0.000000000000000000e+00
4.860000000000000604e-03 3.624546883479132231e-02 -9.864217115048101725e-02 -9.324267434458860526e-02 -2.283532621355886250e-01 -1.260246284407826600e-01 0.000000000000000000e+00
4.870000000000000197e-03 -1.075954911652097640e-01 7.021482884951898984e-02 5.685230565541789932e-02 2.774635786442657820e-02 -2.345982844078264157e-02 0.000000000000000000e+00
4.880000000000000657e-03 -4.255429116520000055e-02 1.080217884950000068e-02 1.093857256554000013e-01 2.072350378644000068e-01 9.911777155919999915e-02 0.000000000000000000e+00
4.890000000000000249e-03 -8.783051165200030791e-03 -1.189676711504999984e-01 -1.307666743445999868e-01 -3.354249213559999665e-02 4.057571559199990401e-03 0.000000000000000000e+00
4.900000000000000709e-03 -2.004021116520000173e-02 -9.395167115050000184e-02 -8.573787434460000689e-02 -1.276645621356000126e-01 -1.610470284407999886e-01 0.000000000000000000e+00
4.910000000000000302e-03 1.350581088347999892e-01 -3.141207115050000109e-02 3.996656565540000067e-02 2.993518786440000148e-02 -6.348526844080000509e-02 0.000000000000000000e+00
4.920000000000000762e-03 2.476293088348151816e-01 5.145292884949322076e-02 1.557614565541627291e-02 -1.165363213559620324e-02 6.909881155920651052e-02 0.000000000000000000e+00
4.930000000000000354e-03 2.688929088347999929e-01 2.203098288495013712e-01 2.495708565542766391e-02 1.479690864411391292e-03 6.409561155921736364e-02 0.000000000000000000e+00
4.940000000000000814e-03 2.438769088347869929e-01 2.812858288494837211e-01 2.838711256554260487e-01 2.510130378644493399e-01 2.241969715592347090e-01 0.000000000000000000e+00
4.950000000000000407e-03 1.100421088347869891e-01 2.891033288495000186e-01 3.026331256553755900e-01 3.560795378643999975e-01 3.417713715592152202e-01 0.000000000000000000e+00
4.959999999999999999e-03 4.375022883480760016e-02 2.406353288494959275e-01 2.106999256554146494e-01 2.816569378644113719e-01 3.617841715591956775e-01 0.000000000000000000e+00
4.970000000000000459e-03 4.500102883479999843e-02 1.046118288495000020e-01 2.013189256553999940e-01 2.138017378643999877e-01 2.367049715592000059e-01 0.000000000000000000e+00
4.980000000000000052e-03 2.726453088347999820e-01 -1.890417115049999874e-02 1.182374565539999998e-02 6.714627786440000023e-02 2.907345155919999896e-02 0.000000000000000000e+00
4.990000000000000512e-03 4.625182883480000173e-02 1.218098288494999931e-01 4.559516565539999816e-02 2.117965786440000053e-02 5.158769155919999683e-02 0.000000000000000000e+00
